posx,posy,posz,velx,vely,velz
-3424.58561252074,4019.51211877754,3565.20569971011,-0.292372425441896,-0.248091746636245,-0.00111927373312737
-3424.87759961037,4019.26508902176,3565.20373188315,-0.291608654872104,-0.245966996409222,-0.00281740529467252
-3425.16882930007,4019.02018509203,3565.20006420379,-0.290851790985789,-0.243841327489852,-0.00451737209955244
-3425.4593020456,4018.77740715271,3565.19469665961,-0.290095215577155,-0.241715021420004,-0.00621666181106174
-3425.74901831647,4018.53675534393,3565.18762926108,-0.289339108379606,-0.239588551600888,-0.00791595046962048
-3426.03797857029,4018.29822983994,3565.17886197207,-0.28858156465122,-0.237463746642335,-0.00961671970236972
-3426.32618324259,4018.06183076077,3565.16839480776,-0.287827447113819,-0.235336345747162,-0.0113157018370189
-3426.61363280782,4017.82755828979,3565.15622774333,-0.287073882340767,-0.233208981543509,-0.0130149722057053
-3426.90032772534,4017.59541253742,3565.14236077166,-0.286318605712283,-0.231082534897109,-0.0147146597446829
-3427.18626844526,4017.36539368272,3565.12679385887,-0.285564935147639,-0.228955521259087,-0.0164143308875418
-3427.47145538039,4017.1375018452,3565.109527004,-0.284811732910895,-0.226828344356776,-0.0181140011029252
-3427.75588902979,4016.91173717875,3565.09056018236,-0.284058135839801,-0.224702155077618,-0.0198147495294664
-3428.03956981362,4016.68809980117,3565.06989335857,-0.283306924003277,-0.222574048447048,-0.0215141131346506
-3428.32249816553,4016.46658984464,3565.04752650904,-0.282553977760272,-0.22044671172747,-0.0232136981677045
-3428.60467452911,4016.2472074245,3565.02345963989,-0.281802744190122,-0.218319156102231,-0.0249137518734352
-3428.88609935321,4016.02995271581,3564.99769266996,-0.281051788612437,-0.216190890086081,-0.0266130302686249
-3429.1667730875,4015.81482583063,3564.97022559437,-0.280300364815036,-0.214063485325564,-0.0283131954376181
-3429.44669967427,4015.60183101359,3564.94106206863,-0.279558406047081,-0.211925362070634,-0.0300039196407527
-3429.72616957727,4015.39130795098,3564.9105055534,-0.27878321877004,-0.209828062305264,-0.0317317715249782
-3430.00456956305,4015.18253824202,3564.87791381837,-0.278032226882378,-0.207700969835878,-0.0334325274453562
-3430.28216138558,4014.97582802383,3564.84356031953,-0.277258715878466,-0.205601916559364,-0.0351588885632626
-3430.55913138925,4014.77139503027,3564.80763953657,-0.276589386381172,-0.203379906870634,-0.0367751264246107
-3430.83535565086,4014.5690938082,3564.77002131976,-0.275843731448737,-0.201249030278309,-0.0384734005725422
-3431.11077581946,4014.36885568896,3564.73064413305,-0.275018473552547,-0.199210859008202,-0.0402543482602668
-3431.38540551105,4014.17069626365,3564.68952176995,-0.274270094069837,-0.197083698028881,-0.0419561625223412
-3431.65939084274,4013.97521002645,3564.64667546008,-0.273792582243265,-0.193281169789059,-0.0437944704191676
-3431.93304050717,4013.78434259458,3564.60193733395,-0.273545479303706,-0.188427543983804,-0.0456342690647518
-3432.20654291503,4013.5984157557,3564.55547153638,-0.273501394095196,-0.183400262711302,-0.0472455578747005
-3432.4798396927,4013.41730182571,3564.50723398091,-0.272826703622745,-0.17910601928329,-0.0495165353310541
-3432.75211939998,4013.24014886062,3564.45634497848,-0.271736493084625,-0.17520797117084,-0.0522528473818353
-3433.02330794064,4013.06689355128,3564.40271873361,-0.270643815993365,-0.171311394627307,-0.0549902634063172
-3433.29340608056,4012.8975360147,3564.34635510842,-0.269555573459295,-0.167413600908084,-0.0577276644306468
-3433.56241452267,4012.73207635102,3564.28725396646,-0.268465811938967,-0.163516017276344,-0.060464735967146
-3433.83033396742,4012.57051466376,3564.22541517665,-0.267378189037189,-0.159618498626332,-0.0632027157671995
-3434.09716517372,4012.41285103746,3564.16083855821,-0.266291274340704,-0.15572021779713,-0.0659398524457967
-3434.36290879106,4012.25908554907,3564.09352396245,-0.265202893503497,-0.151822520290864,-0.0686772109578996
-3434.62756746933,4012.10921152814,3564.02347592941,-0.264182091189183,-0.148163326221096,-0.0712495558314709
-3434.89173945588,4011.96106384723,3563.95220719196,-0.264171622585142,-0.148164750574145,-0.0712626498194782
-3435.1559068552,4011.81289697238,3563.88093723014,-0.264168681679076,-0.148183043801065,-0.0712640808930432
-3435.42006951858,4011.66471145164,3563.80966570646,-0.2641635351908,-0.14820220782854,-0.0712658875178695
-3435.68422742175,4011.51650727109,3563.73839260982,-0.264158212938919,-0.148220934936782,-0.0712669999891638
-3435.94838058487,4011.36828443881,3563.66711794353,-0.264154139521747,-0.148239477934186,-0.0712683424754966
-3436.21252899603,4011.22004295436,3563.59584171055,-0.264148988658459,-0.148258641980771,-0.0712701489965876
-3436.4766726401,4011.07178281848,3563.52456391687,-0.264144889202908,-0.148277287265864,-0.0712716284441239
-3436.74081152956,4010.92350402544,3563.45328454595,-0.264139561261093,-0.148296014341681,-0.0712727407963834
-3437.00555225683,4010.77606907947,3563.38284650314,-0.264530822984551,-0.147326122869257,-0.0717610540351434
-3437.27116032991,4010.6308921169,3563.30945394082,-0.266665246520101,-0.143079659648094,-0.0750983800730129
-3437.5388924514,4010.4898189914,3563.23251395842,-0.268364232460696,-0.139585585024274,-0.0793134169426524
-3437.80813890576,4010.35186486071,3563.15094788138,-0.270155972506345,-0.136395866447025,-0.0838615133928352
-3438.07932322331,4010.21703541796,3563.0647685233,-0.272239754943632,-0.133339733932975,-0.0885383558289799
-3438.35274146007,4010.08518966342,3562.97384871744,-0.274625983480474,-0.1304324035495,-0.093339801739018
-3438.62870059305,4009.95617143115,3562.8780676316,-0.277324908513036,-0.127687998418661,-0.0982580793021409
-3438.90751790285,4009.82980932572,3562.77731138426,-0.280340590097939,-0.125124571819736,-0.103287478600146
-3439.18820873737,4009.70517426599,3562.67082836486,-0.280275181844992,-0.124183364156192,-0.10955321421018
-3439.46947267272,4009.58406348181,3562.56101052525,-0.281601579011347,-0.118547842476754,-0.110571858745273
-3439.75091910698,4009.46739162412,3562.44885425664,-0.281295929049102,-0.114822169409023,-0.113713552396423
-3440.03206016389,4009.35444651597,3562.33355605567,-0.280990557986651,-0.111095781797587,-0.116854363645051
-3440.31289643194,4009.24522789166,3562.21511577287,-0.280684095433181,-0.107370555083078,-0.119996398416658
-3440.59342846698,4009.13973580198,3562.09353296691,-0.280382105768373,-0.103645128333024,-0.123138568143719
-3440.87365686736,4009.03796994663,3561.96880744,-0.280079401535107,-0.0999191455810146,-0.126279943894271
-3441.15358221799,4008.93993014857,3561.84093892307,-0.279775580448743,-0.0961940300590214,-0.129422185240654
-3441.43320505951,4008.84561621866,3561.70992713641,-0.27947382932666,-0.0924698352541682,-0.132565662305225
-3441.71252597925,4008.75502795724,3561.57577178359,-0.279172823205668,-0.088744717052375,-0.135708043156547
-3441.99154548919,4008.66816515799,3561.43847256753,-0.278872687768557,-0.0850201564738652,-0.138851106871423
-3442.27026415727,4008.58502761289,3561.29802918347,-0.278571074594189,-0.0812960162607355,-0.141994461561393
-3442.54868253767,4008.50561510426,3561.1544413169,-0.278271611215386,-0.0775718411056934,-0.145137911642257
-3442.82680508706,4008.42987884017,3561.00774933749,-0.278021566304358,-0.0744519454928725,-0.147776245677747
-3443.10482411126,4008.35543768133,3560.85994737413,-0.278023484904851,-0.0744767727918864,-0.147781288454645
-3443.38284605016,4008.28097263567,3560.71214022365,-0.27802736416832,-0.0745009930538563,-0.147785794307123
-3443.66087087024,4008.20648369536,3560.56432788118,-0.27803009186837,-0.0745254407901244,-0.147790460184442
-3443.93889857756,4008.13197085811,3560.41651034405,-0.278030698830208,-0.0745505676527228,-0.147795732284665
-3444.21692917836,4008.0574341335,3560.26868762392,-0.278034751095914,-0.0745750151467829,-0.147800523475189
-3444.49496263807,4007.98287350526,3560.12085970541,-0.278038595928548,-0.0745989421638065,-0.147804672662912
-3444.77299900489,4007.90828898503,3559.97302659879,-0.278041649240333,-0.0746235468861886,-0.147809553928891
-3445.05103822278,4007.83368056145,3559.8251882965,-0.278044390000612,-0.0746482940177795,-0.147814574364312
-3445.32908034482,4007.75904824881,3559.67734481143,-0.278047078482821,-0.0746724496083455,-0.147818883112514
-3445.60712532032,4007.68439202979,3559.52949612865,-0.278050124548673,-0.0746970564538491,-0.147823763756402
-3445.88517315824,4007.60971191478,3559.38164226035,-0.278053982574458,-0.0747212831911743,-0.147828267645193
-3446.16322389432,4007.53500790293,3559.2337832031,-0.278055489717819,-0.0747453709073039,-0.147832380231675
-3446.44127747959,4007.46027998777,3559.08591895456,-0.278059547849364,-0.0747701205269811,-0.147837525399385
-3446.71933394333,4007.38552817504,3558.93804951963,-0.278061075151344,-0.0747945055310422,-0.14784199317876
-3446.997393242,4007.31075245918,3558.79017489651,-0.278062829649152,-0.074819708732855,-0.147847457978352
-3447.27545541834,4007.23595283473,3558.64229507565,-0.278069309505293,-0.074843641776699,-0.147851857228549
-3447.55352045749,4007.16112931524,3558.49441007523,-0.278069680206471,-0.0748682545868706,-0.147856484367752
-3447.83158833928,4007.08628189381,3558.34651989005,-0.278072552019742,-0.0748929376926228,-0.147861432832389
-3448.10965906219,4007.01141055842,3558.19862450634,-0.278076570897887,-0.0749173956611868,-0.147866221060666
-3448.38773266029,4006.93651532516,3558.05072394117,-0.278080382882655,-0.0749413327237774,-0.147870367485911
-3448.66580909676,4006.86159618167,3557.9028181839,-0.278082073219662,-0.0749659475654892,-0.14787511977673
-3448.94388837224,4006.78665313352,3557.75490724202,-0.278084960208403,-0.0749909295944003,-0.147880422813659
-3449.22197049898,4006.71168617943,3557.60699111377,-0.278087615603529,-0.0750150943774449,-0.147884728576688
-3449.50005546197,4006.63669530965,3557.45906978954,-0.278091418216906,-0.0750390342442201,-0.147888874205726
-3449.77814327495,4006.56168054248,3557.31114329098,-0.278093328002802,-0.075064469560901,-0.147894622534696
-3450.05623390025,4006.48664185782,3557.1632115981,-0.278095006262693,-0.0750890874796104,-0.147899373663643
-3450.33432738723,4006.41157926262,3557.01527471562,-0.278101101002253,-0.0751125786686008,-0.147903198914403
-3450.6124236765,4006.3364927613,3556.86733265504,-0.27810277451264,-0.0751371979142181,-0.147907949647819
-3450.8905228236,4006.26138234812,3556.71938540528,-0.278105465119238,-0.0751619589598768,-0.147912964837724
-3451.16862476657,4006.18624801974,3556.57143296882,-0.278109612559209,-0.0751863548181765,-0.147917681547089
-3451.44672958311,4006.1110897781,3556.42347534165,-0.278109770296785,-0.0752107493518041,-0.147922019139007
-3451.7248371747,4006.03590762744,3556.27551253873,-0.278113782825991,-0.0752355130799279,-0.14792715989041
-3452.00294759972,4005.96070155543,3556.12754454088,-0.278117923061974,-0.0752599112115029,-0.147931876022523
-3452.28106085658,4005.88547157628,3555.97957136587,-0.278119427368481,-0.0752846044157346,-0.147936694485998
-3452.5591769033,4005.81021767539,3555.831593001,-0.278123408064695,-0.0753090742663685,-0.147941479305982
-3452.8372957907,4005.7349398638,3555.68360945572,-0.27812488299498,-0.075333472471512,-0.147945942049278
-3453.11541747019,4005.6596381268,3555.53562071751,-0.278128655076268,-0.0753574215502026,-0.14795008508764
-3453.39354195268,4005.58431247694,3555.38762680139,-0.278130329106039,-0.0753823431539639,-0.147955188726387
-3453.67166925068,4005.50896290844,3555.2396276999,-0.278133329701545,-0.075407266721317,-0.14796041857573
-3453.94979936284,4005.43358942052,3555.09162341326,-0.27813594489767,-0.0754314425848044,-0.14796472070162
-3454.22793228048,4005.35819201632,3554.94361394664,-0.278138582278465,-0.0754559152720336,-0.147969377734848
-3454.50606796911,4005.28277068663,3554.7955992933,-0.278142676404855,-0.075480024000801,-0.147973737053641
-3454.78420646796,4005.20732544084,3554.64757946138,-0.278143033820817,-0.0755052432397052,-0.147979068018579
-3455.06234775818,4005.13185627007,3554.49955444304,-0.278148142888683,-0.0755294951766093,-0.14798369128006
-3455.34049185366,4005.05636317589,3554.35152423958,-0.278150949822291,-0.0755541967811981,-0.147988633586404
-3455.61863873116,4004.98084615868,3554.20348885432,-0.278153550836013,-0.075578376569241,-0.147992934427931
-3455.89678914301,4004.90530607399,3554.05544905921,-0.278159886502488,-0.075598977512517,-0.147993321807223
-3456.17494590312,4004.82974622429,3553.90740779346,-0.278162890291688,-0.0756242040606925,-0.147998904800401
-3456.45310547292,4004.75416244719,3553.75936133972,-0.278165484814504,-0.0756483861997741,-0.148003205141598
-3456.73126781967,4004.67855474719,3553.61130970683,-0.278167105981143,-0.0756730194236456,-0.148007951041452
-3457.00943295697,4004.60292313032,3553.46325290183,-0.278170845760475,-0.0756969787599231,-0.148012091423967
-3457.28760086713,4004.52726759148,3553.31519092088,-0.278172689779639,-0.075722432097869,-0.148017832969705
-3457.56577154018,4004.45158811749,3553.16712375022,-0.27817739596571,-0.0757459424805719,-0.148021527200932
-3457.84394501505,4004.37588473008,3553.0190514127,-0.278179007546261,-0.0757705781915141,-0.14802627221754
-3458.12212124813,4004.3001574215,3552.87097390417,-0.27818199422759,-0.0757958096714286,-0.148031853510578
-3458.40030025738,4004.2244061752,3552.72289120387,-0.278185722238043,-0.0758197725779764,-0.148035992887329
-3458.67848201823,4004.14863100829,3552.57480333544,-0.278188500944381,-0.0758444827189579,-0.148040932612338
-3458.95666657152,4004.07283191655,3552.42671029077,-0.278191098487922,-0.0758689669417233,-0.148045585848111
-3459.23485388092,4003.99700889217,3552.27861206466,-0.278193823822909,-0.0758930859155942,-0.148049815509121
-3459.51304394967,4003.92116194344,3552.13050866767,-0.278196595324894,-0.0759177980681931,-0.148054754560427
-3459.79123679549,4003.84529106781,3551.98240009572,-0.278199161487211,-0.0759419879629808,-0.148059052350461
-3460.0694323654,4003.7693962517,3551.83428633857,-0.278202106831257,-0.0759669281547398,-0.14806427721596
-3460.34763071638,4003.69347751637,3551.68616741686,-0.27820584263669,-0.0759911922659079,-0.148068769945891
-3460.62583181058,4003.61753484966,3551.53804332072,-0.278208604517154,-0.0760159071659161,-0.148073708082877
-3460.90403565936,4003.54156824578,3551.38991404259,-0.278209986816236,-0.0760400266490959,-0.14807780965602
-3461.18224224999,4003.46557771335,3551.24177959504,-0.278212768083132,-0.0760650390940242,-0.148083102005456
-3461.46045158587,4003.38956324544,3551.0936399701,-0.278214193991193,-0.076089752231858,-0.148087912430929
-3461.73866367434,4003.31352483667,3550.94549516179,-0.27822017013482,-0.0761129810532076,-0.148091376210728
-3462.01687886372,4003.23746292579,3550.79734556887,-0.278221745679246,-0.0761376260638019,-0.14809611788121
-3462.29509685707,4003.16137715615,3550.64919087055,-0.278224517344073,-0.0761626412628861,-0.148101409257428
-3462.57331758216,4003.08526744975,3550.50103099768,-0.27822856702042,-0.0761870686222473,-0.14810611828382
-3462.8515410489,4003.00913380422,3550.3528659471,-0.278231131312413,-0.0762115619976043,-0.148110768299583
-3463.12976725979,4002.93297622715,3550.20469572864,-0.278232697185496,-0.0762362094893142,-0.148115509059951
-3463.40799618841,4002.8567947117,3550.05652033719,-0.278236407048656,-0.0762604813518599,-0.148119999402033
-3463.68622783305,4002.78058925189,3549.90833976678,-0.278238146424639,-0.0762853571094424,-0.148125026036917
-3463.96446222482,4002.70435986523,3549.76015403599,-0.278240522896513,-0.0763096259122095,-0.148129388776964
-3464.24269933595,4002.62810652726,3549.6119631194,-0.278244582203997,-0.0763343540600867,-0.148134451124587
-3464.52093917775,4002.55182926359,3549.46376704681,-0.278247108181076,-0.0763585549647925,-0.148138745282072
-3464.79918172287,4002.47552805722,3549.31556580161,-0.278250960435608,-0.0763827612053558,-0.148143166455633
-3465.07742697683,4002.39920289895,3549.16735937308,-0.278252557476124,-0.0764080056451039,-0.148148614484786
-3465.35567496903,4002.32285381041,3549.01914778492,-0.278253925904519,-0.0764324307973559,-0.148153067075477
-3465.63392565761,4002.24648078,3548.87093102817,-0.2782577710071,-0.0764566391322993,-0.148157487644559
-3465.9121790563,4002.17008380708,3548.72270910142,-0.278261637709968,-0.076481144579941,-0.148162262394539
-3466.19043516719,4002.09366288528,3548.57448199793,-0.278263022965204,-0.0765058678497531,-0.148167068658256
-3466.46869399118,4002.01721802722,3548.4262497332,-0.278265912432069,-0.0765308241731303,-0.148172288360176
-3466.74695549954,4001.94074920414,3548.27801227666,-0.27826936801431,-0.0765542844295518,-0.148175781101359
-3467.025219713,4001.86425645577,3548.12976967426,-0.278270948030466,-0.0765795331346774,-0.148181227284227
-3467.30348663243,4001.78773975086,3547.98152188976,-0.278274754975693,-0.076603449491026,-0.148185292416118
-3467.58175625435,4001.71119911321,3547.83326895249,-0.278277456787338,-0.0766281812008162,-0.148190224869779
-3467.86002855649,4001.63463451912,3547.68501083708,-0.278278827669846,-0.0766529079560954,-0.14819502964568
-3468.13830355452,4001.55804597439,3547.5367475497,-0.278281524649295,-0.0766776409307752,-0.148199961605409
-3468.41658124234,4001.48143348265,3547.38847909625,-0.278284195361102,-0.076702078222904,-0.148204539141896
-3468.69486162661,4001.40479704234,3547.24020547482,-0.278288014309832,-0.0767262945142006,-0.148208957572906
-3468.9731446649,4001.32813665389,3547.09192669073,-0.278291854713136,-0.0767508079483086,-0.148213729981928
-3469.25143042032,4001.25145230916,3546.94364272953,-0.27829091228421,-0.0767759807907147,-0.148218851276122
-3469.52971882366,4001.17474401486,3546.79535360589,-0.278296052527539,-0.0768002052887352,-0.148223396659131
-3469.80800992949,4001.09801176756,3546.64705931189,-0.278298379543108,-0.0768244870404029,-0.148227754428741
-3470.08630369917,4001.02125557491,3546.4987598607,-0.278301059680773,-0.0768492247119551,-0.14823268479586
-3470.36460012666,4000.94447541328,3546.35045522581,-0.278303535948659,-0.0768734389734843,-0.148236974437314
-3470.64289924137,4000.86767130871,3546.20214543609,-0.278307515947968,-0.076897888035928,-0.148241677936485
-3470.92120103451,4000.79084324622,3546.05383047562,-0.278308836737267,-0.0769223248452875,-0.14824612597262
-3471.19950549245,4000.71399123613,3545.9055103583,-0.278310380198626,-0.0769475827177327,-0.14825156821781
-3471.47781258735,4000.63711526251,3545.75718506882,-0.278315326132753,-0.0769715850462766,-0.148255825925297
-3471.75612237215,4000.56021533339,3545.60885461254,-0.278317814253717,-0.0769960989216636,-0.148260468489132
-3472.03443478897,4000.48329144566,3545.46051899187,-0.278319504270498,-0.0770212901412056,-0.148265842442588
-3472.31274988489,4000.40634360148,3545.31217820603,-0.278320836754764,-0.077046026188921,-0.148270643214772
-3472.59106761354,4000.32937178797,3545.16383224452,-0.278325749566117,-0.0770697351962903,-0.148274546274854
-3472.86938801727,4000.25237602824,3545.01548113195,-0.278328429252595,-0.0770947759601258,-0.14827982826819
-3473.14771105517,4000.17535630668,3544.86712485403,-0.278330881809617,-0.0771189966061454,-0.148284115767195
-3473.42603674489,4000.09831261091,3544.71876339563,-0.278334660324907,-0.077143225151688,-0.148288530880331
-3473.70436507448,4000.02124496658,3544.57039678864,-0.278337309163958,-0.077167971540061,-0.148293458299703
-3473.98269605134,3999.94415335305,3544.42202500908,-0.278340929136505,-0.0771922699460025,-0.148297940371955
-3474.26102966507,3999.86703777992,3544.2736480697,-0.278341425066559,-0.0772173904454087,-0.148303117235101
-3474.5393659305,3999.78989824466,3544.12526596724,-0.278345016725283,-0.0772413937549267,-0.148307245079701
-3474.8177048178,3999.71273474082,3543.97687869732,-0.278347679467554,-0.0772664392074372,-0.148312525347491
-3475.09604633839,3999.63554727699,3543.82848626999,-0.278350115445108,-0.0772906643085471,-0.148316811351032
-3475.37439048521,3999.5583358437,3543.68008867557,-0.278352726310173,-0.0773151182064994,-0.148321383650878
-3475.65273726651,3999.48110044557,3543.53168591936,-0.278355535488983,-0.0773400974190666,-0.148326595970146
-3475.93108667727,3999.40384107296,3543.38327799141,-0.278357940849829,-0.0773640279830404,-0.148330527649093
-3476.20943871277,3999.32655774738,3543.23486491822,-0.278360414323021,-0.0773888484741966,-0.148335520175908
-3476.48779335304,3999.24925043661,3543.08644666445,-0.278364166661487,-0.0774130848962163,-0.148339933145205
-3476.76615062254,3999.17191916916,3542.93802326213,-0.278366812456912,-0.0774381350233,-0.148345211688392
-3477.04451050987,3999.09456392347,3542.78959468781,-0.278368057323251,-0.0774622880995798,-0.148349301035284
-3477.32287302336,3999.01718471473,3542.64116095934,-0.278371825954259,-0.0774868230951675,-0.148354067027937
-3477.60123813681,3998.93978153196,3542.49272206703,-0.278374441069746,-0.0775115787381068,-0.148358991239831
-3477.87960585937,3998.86235437709,3542.34427801305,-0.278377053761821,-0.0775363350453002,-0.148363915214424
-3478.15797618921,3998.78490324747,3542.1958287952,-0.278379640646588,-0.0775607955527686,-0.14836848541009
-3478.4363491222,3998.70742814959,3542.04737442223,-0.278382048183483,-0.0775850282307492,-0.148372768852707
-3478.71472466255,3998.62992907302,3541.89891488233,-0.278384677014549,-0.077610082965669,-0.148378045654125
-3478.99310280075,3998.55240602476,3541.7504501855,-0.278387079808063,-0.0776343168838889,-0.148382328647636
-3479.27148354843,3998.47485899976,3541.60198032531,-0.278389834000779,-0.0776590085390527,-0.148387184562513
-3479.54986686972,3998.39728799769,3541.45350530556,-0.278393206432024,-0.077682795646977,-0.148391022253364
-3479.8282528064,3998.31969302359,3541.3050251292,-0.278395955822447,-0.0777074886951242,-0.148395877785008
-3480.10664132779,3998.24207407148,3541.15653979267,-0.278397244491797,-0.0777325374960941,-0.148401025092186
-3480.38503243065,3998.1644311368,3541.0080492915,-0.2783997889399,-0.0777567066989468,-0.14840524020185
-3480.66342612356,3998.08676423012,3540.85955363848,-0.278403575373337,-0.0777818432616508,-0.148410710396272
-3480.94182239709,3998.00907334056,3540.71105282214,-0.278404810272963,-0.0778063007955163,-0.148415150137628
-3481.2202212681,3997.93135847818,3540.5625468539,-0.278408522128621,-0.0778305492887191,-0.148419559772433
-3481.49862269274,3997.85361962515,3540.41403571706,-0.278411103506882,-0.0778553141345268,-0.148424480772815
-3481.77702671766,3997.77585679496,3540.26551942443,-0.278412484679438,-0.0778797056660726,-0.148428853130252
-3482.0554333118,3997.6980699764,3540.11699796633,-0.278415061219707,-0.0779044717724599,-0.14843377367884
-3482.33384247205,3997.62025918405,3539.968471361,-0.278417458748148,-0.0779290096751423,-0.14843840737789
-3482.61225419489,3997.54242440154,3539.81993959012,-0.278421158690711,-0.0779532616964965,-0.148442816043761
-3482.89066850324,3997.46456564051,3539.6714026663,-0.278424879426043,-0.0779778110029158,-0.148447577767708
-3483.16908537023,3997.38668289521,3539.52286058584,-0.278426118396107,-0.078002569632722,-0.148452368914975
-3483.44750479927,3997.308776159,3539.37431334129,-0.278429634715026,-0.0780265948526646,-0.148456490369482
-3483.72592680114,3997.23084544764,3539.22576095133,-0.278431198722278,-0.0780515160443433,-0.14846150110215
-3484.00435133404,3997.15289073736,3539.07720339209,-0.278433781504411,-0.0780765832843874,-0.14846677320653
-3484.28277845281,3997.07491204574,3538.92864068055,-0.278436139235928,-0.078100829077087,-0.14847105212147
-3484.56120810811,3996.99690937296,3538.78007282183,-0.278439868671621,-0.0781256791412979,-0.148476165658883
-3484.83964031687,3996.91888270202,3538.63149979534,-0.278443350121763,-0.0781494112750662,-0.148479933001213
-3485.11807507513,3996.84083204848,3538.48292162039,-0.278443773452621,-0.0781748505124559,-0.148485453736384
-3485.39651239379,3996.76275740013,3538.3343382826,-0.278446121691084,-0.0781990987824158,-0.148489731790376
-3485.67495224672,3996.68465876127,3538.18574979,-0.278448643860635,-0.0782235768336358,-0.148494296296795
-3485.95339462174,3996.6065361285,3538.03715614032,-0.278453489814968,-0.0782479157079776,-0.148498897678704
-3486.23183956597,3996.52838951369,3537.88855734449,-0.278452399185797,-0.0782731168914155,-0.148504002010092
-3486.51028703483,3996.45021889779,3537.73995338446,-0.278456065756042,-0.0782973787331427,-0.148508407919106
-3486.78873703711,3996.37202429048,3537.59134427196,-0.278459752935825,-0.0783219378981581,-0.148513166626749
-3487.06718957394,3996.29380568754,3537.4427300023,-0.278463215641176,-0.0783456753975205,-0.148516932531354
-3487.34564464617,3996.21556309026,3537.29411057804,-0.278464793838713,-0.0783711977899425,-0.148522646278568
-3487.62410224135,3996.13729650156,3537.14548600427,-0.278468274777649,-0.0783952332072512,-0.148526764740606
-3487.90256235787,3996.05900592176,3536.99685628252,-0.278469649018079,-0.0784202308882575,-0.148531838358556
-3488.18102500773,3995.98069133369,3536.848221392,-0.278471996459461,-0.0784447819495348,-0.148536467152724
-3488.45949016993,3995.90235275533,3536.69958135679,-0.278474494648842,-0.0784692664864615,-0.148541029544071
-3488.73795786637,3995.8239901824,3536.55093617063,-0.27847683732996,-0.078493818771711,-0.148545657870123
-3489.0164280681,3995.74560360627,3536.40228582649,-0.278480681322939,-0.0785186130962154,-0.148550701565279
-3489.29490077328,3995.66719302382,3536.25363032183,-0.278483172302585,-0.0785430996395298,-0.148555263331075
-3489.57337600301,3995.58875844553,3536.10496966778,-0.27848663674236,-0.0785671398145753,-0.148559380395676
-3489.85185374813,3995.51029987537,3535.95630387085,-0.278488169893837,-0.0785923712560893,-0.148564739032271
-3490.13033399228,3995.43181730547,3535.80763292369,-0.278490324745057,-0.078616697108117,-0.148569079471411
-3490.40881674337,3995.35331071792,3535.65895680546,-0.278492806148561,-0.0786411861904907,-0.148573640388561
-3490.68730199266,3995.27478014058,3535.51027555041,-0.278496436993768,-0.0786654586859241,-0.148578043385706
-3490.96578975747,3995.19622555588,3535.36158913737,-0.278497761755496,-0.0786901662915769,-0.148582761619951
-3491.24428000625,3995.1176469751,3535.21289758276,-0.278501433363534,-0.0787150334004749,-0.148587869602303
-3491.52277275303,3995.03904437709,3535.06420086147,-0.278503729416721,-0.0787392953804849,-0.14859214294467
-3491.80126798652,3994.96041778344,3534.91549900059,-0.278506420025602,-0.07876461072127,-0.148597694864639
-3492.07976571975,3994.88176717787,3534.76679198068,-0.278508688577246,-0.0787885773281843,-0.148601615138644
-3492.3582659346,3994.80309256531,3534.61807980986,-0.278511000231973,-0.0788131377550716,-0.14860624044669
-3492.63676865065,3994.7243939548,3534.46936249781,-0.278514812727918,-0.0788379416498427,-0.148611281425172
-3492.91527382561,3994.64567132509,3534.320640024,-0.278515922260195,-0.0788621269133784,-0.148615358728618
-3493.19378149172,3994.56692469496,3534.17191240844,-0.27851824943816,-0.0788869858023189,-0.148620335892654
-3493.47229165521,3994.48815405295,3534.02317963808,-0.278519552456292,-0.0789116986449149,-0.148625052054985
-3493.75080427925,3994.40935940557,3533.8744417243,-0.278522005049353,-0.0789361953995584,-0.148629610435987
-3494.02931938102,3994.33054073817,3533.7256986493,-0.278525454397662,-0.0789605428838066,-0.148634076788023
-3494.30783694965,3994.25169806552,3533.57695043218,-0.278529207115649,-0.0789847578304208,-0.148638411550002
-3494.58635700408,3994.17283138372,3533.42819706747,-0.278530545697742,-0.0790100663535826,-0.148643831781605
-3494.86487951271,3994.0939406906,3533.27943855597,-0.278532813248983,-0.0790343356725245,-0.148648102535751
-3495.14340448703,3994.01502597715,3533.13067488697,-0.278535474417788,-0.0790596590651303,-0.148653651527983
-3495.42193190819,3993.93608725415,3532.98190607577,-0.278536760463305,-0.0790843760250294,-0.148658366101795
-3495.700461818,3993.85712451612,3532.8331321127,-0.278542477194087,-0.0791079984700362,-0.148662163849399
-3495.97899508777,3993.77813880637,3532.68435393632,-0.278545491741372,-0.0791310005983661,-0.148664997970357
-3496.25753209713,3993.69913055519,3532.535571921,-0.278548120875648,-0.0791560302670888,-0.148670193713367
-3496.53607154491,3993.6200982672,3532.38678473682,-0.27855037446378,-0.0791803035281072,-0.148674463247689
-3496.81461346259,3993.54104196962,3532.23799241383,-0.278551671278625,-0.079205320277672,-0.148679529105104
-3497.09315782025,3993.46196163334,3532.08919492117,-0.278553744890779,-0.079229364410077,-0.148683511360031
-3497.3717045883,3993.38285727348,3531.94039227978,-0.278557493995356,-0.0792538841064122,-0.148688196542022
-3497.65025381084,3993.30372888561,3531.79158448178,-0.278559760576848,-0.0792784564414207,-0.148692817488444
-3497.92880547627,3993.22457648111,3531.64277154196,-0.278562375073039,-0.0793034900798403,-0.148698011874557
-3498.20735956367,3993.14540003601,3531.49395343486,-0.278564614413809,-0.0793277669715349,-0.148702280112098
-3498.48591606805,3993.06619955912,3531.3451301719,-0.278567048918502,-0.0793525715395957,-0.148707187195248
-3498.76447501328,3992.98697506374,3531.19630176762,-0.278570633271859,-0.0793771611593668,-0.148711936755683
-3499.0430363946,3992.90772652916,3531.04746819886,-0.278572865496287,-0.0794014399207089,-0.148716204352123
-3499.32160019051,3992.82845395942,3530.89862947279,-0.278575445403928,-0.0794261802473346,-0.148721045463289
-3499.60016640395,3992.74915736477,3530.74978560232,-0.278575390592041,-0.0794511877757337,-0.148725979252234
-3499.8787350364,3992.66983673881,3530.60093658018,-0.278578965328297,-0.0794757800988798,-0.14873072794181
-3500.1573061001,3992.59049207941,3530.45208240386,-0.278582515321155,-0.0795000764835223,-0.148735124326104
-3500.43587955722,3992.51112337881,3530.303223068,-0.278583583288372,-0.0795245735312536,-0.148739548043326
-3500.71445543062,3992.43173065126,3530.15435858844,-0.278586020779889,-0.079549679882489,-0.148744805342637
-3500.99303371554,3992.35231388202,3530.00548894888,-0.278589563605795,-0.0795739783229132,-0.148749201126933
-3501.2716144045,3992.27287307905,3529.85661416012,-0.27858947197978,-0.0795986921043541,-0.148753781281478
-3501.55019750836,3992.19340823938,3529.7077342184,-0.278593207126151,-0.0796235192580893,-0.148758815577901
-3501.82878299229,3992.11391936141,3529.55884912575,-0.278596545729693,-0.0796472923265949,-0.148762571897177
-3502.10737090189,3992.03440645057,3529.40995888532,-0.27859779637151,-0.0796723201225375,-0.148767633114014
-3502.3859611921,3991.95486949706,3529.2610634902,-0.278600022302666,-0.079696902797284,-0.148772250065761
-3502.664553874,3991.87530850803,3529.11216294876,-0.278604922465497,-0.0797218147908804,-0.148777478384727
-3502.94314894351,3991.79572347035,3528.96325724645,-0.278608426367016,-0.0797458214458805,-0.148781520899229
-3503.22174642379,3991.7161144004,3528.81434640161,-0.278608340099344,-0.0797708355054282,-0.148786451276361
-3503.50034628581,3991.63648128046,3528.66543039645,-0.278611686814333,-0.0797949092898099,-0.148790558387161
-3503.77894852442,3991.55682413159,3528.51650925703,-0.278613075308807,-0.079819874760889,-0.148795553199725
-3504.05755315288,3991.47714293096,3528.36758295604,-0.278616636191648,-0.0798447742934811,-0.148800650536888
-3504.33616015823,3991.3974376895,3528.21865150828,-0.278618648676575,-0.0798688336230392,-0.148804627097362
-3504.61476954422,3991.31770840746,3528.06971491437,-0.278621226694814,-0.0798941799620014,-0.148810167862751
-3504.89338131947,3991.23795507428,3527.92077316214,-0.278622408738862,-0.0799186200891842,-0.148814523023103
-3505.17199545478,3991.15817770017,3527.77182626661,-0.278625763368472,-0.0799429945761797,-0.148818980694132
-3505.45061195004,3991.07837627734,3527.62287421949,-0.278629267999391,-0.0799673040896587,-0.14882337335456
-3505.72923084209,3990.99855081009,3527.47391702365,-0.278629137871057,-0.0799920258012719,-0.14882794959982
-3506.00785209593,3990.91870130247,3527.32495468735,-0.278630550917229,-0.0800175895255897,-0.148833646022655
-3506.28647570679,3990.8388277377,3527.17598719219,-0.278633873959417,-0.0800416698256538,-0.148837751096066
-3506.56510167485,3990.7589301312,3527.02701455697,-0.278636216314576,-0.0800661960272216,-0.148842299814452
-3506.84372999398,3990.67900846477,3526.87803676156,-0.278640883725795,-0.0800905917011379,-0.148846886297852
-3507.12236069418,3990.59906275959,3526.72905382908,-0.278641872256124,-0.0801148051748847,-0.14885095283805
-3507.40099372047,3990.51909300066,3526.58006574739,-0.278643272955355,-0.0801403719642151,-0.148856647987723
-3507.6796291303,3990.43909919156,3526.43107251651,-0.278648889712585,-0.0801640280208243,-0.148860438480129
-3507.95826687478,3990.35908133,3526.28207413879,-0.278648958488867,-0.0801895785490362,-0.148866002917721
-3508.23690698669,3990.27903941739,3526.1330706138,-0.278651286402849,-0.0802141085724691,-0.148870550361808
-3508.5155494109,3990.19897345253,3525.9840619455,-0.278653437753739,-0.0802384078508484,-0.148874810602375
-3508.7941941925,3990.1188834353,3525.83504813066,-0.278655956950979,-0.0802634672917445,-0.148879996165096
-3509.07284131947,3990.03876936303,3525.68602916802,-0.278657146720136,-0.0802885095149358,-0.148885051204895
-3509.35149078088,3989.95863123048,3525.53700505317,-0.278662749444719,-0.0803121701741525,-0.148888840659477
-3509.63014259144,3989.87846904684,3525.3879757963,-0.278663912498012,-0.0803369168272196,-0.148893543774566
-3509.90879671228,3989.79828280524,3525.23894139357,-0.278667226726353,-0.0803613026083858,-0.148897997730722
-3510.18745319541,3989.7180725115,3525.08990184794,-0.278668406821336,-0.0803863471835529,-0.14890305181857
-3510.4661119882,3989.63783815804,3524.94085715589,-0.278671868415645,-0.0804106690157945,-0.148907440931076
-3510.74477310871,3989.55757974579,3524.79180731758,-0.278675327635109,-0.0804349915921217,-0.148911829867514
-3511.02343656007,3989.47729727343,3524.64275233216,-0.278676478599936,-0.0804597411315078,-0.148916531870461
-3511.30210232707,3989.39699074299,3524.49369220386,-0.27867862799789,-0.0804843433045094,-0.14892114135539
-3511.58077042702,3989.31666015679,3524.34462693497,-0.278680927087778,-0.0805088809041249,-0.148925686297022
-3511.85944083182,3989.23630551005,3524.19555652269,-0.278683245561,-0.0805337159494211,-0.148930582358193
-3512.1381135569,3989.15592679203,3524.04648095401,-0.278683081778802,-0.080558745699946,-0.148935504228583
-3512.41678858144,3989.0755240209,3523.897400253,-0.278687701413848,-0.0805831561896527,-0.148940086703644
-3512.69546593685,3988.99509718636,3523.7483144053,-0.278689990864866,-0.0806076962734869,-0.148944630776923
-3512.97414563143,3988.91464632032,3523.59922344286,-0.278692451655292,-0.0806324687831903,-0.148949461712986
-3513.25282765631,3988.83417144027,3523.45012738045,-0.27869441056332,-0.0806568433328208,-0.148953782474201
-3513.53151200105,3988.75367249737,3523.30102617643,-0.27869556145095,-0.0806818947228963,-0.14895883360224
-3513.81019864378,3988.67314948944,3523.15191983072,-0.278699168020294,-0.0807064565539337,-0.148963507426985
-3514.08888756326,3988.59260240618,3523.00280833387,-0.278700140358668,-0.0807312772087582,-0.148968270986036
-3514.36757878647,3988.51203125241,3522.85369168994,-0.278704526301908,-0.0807548673063376,-0.148971862664722
-3514.64627231464,3988.43143602444,3522.70456989545,-0.278705689135679,-0.0807802178524464,-0.148977263982212
-3514.92496812876,3988.35081673317,3522.55544296533,-0.278706806185942,-0.080804975223422,-0.148981962751051
-3515.2036662004,3988.27017335627,3522.40631087659,-0.278711206760464,-0.0808288642674544,-0.148985905036191
-3515.48236658113,3988.18950591817,3522.25717365444,-0.278712535757787,-0.0808544485461617,-0.148991592648772
-3515.76106922284,3988.10881439354,3522.10803127367,-0.278714625228965,-0.0808787633922023,-0.148995847267117
-3516.03977414756,3988.02809880233,3521.9588837569,-0.278717059254821,-0.0809035429881509,-0.149000675896596
-3516.31848135482,3987.9473591317,3521.80973108963,-0.278719143962833,-0.0809278590234066,-0.149004930101
-3516.59719084647,3987.86659538685,3521.66057327884,-0.278722422689699,-0.0809525573713257,-0.14900972980509
-3516.87590258365,3987.78580756953,3521.51141033034,-0.278724849431999,-0.0809773389454047,-0.149014557811757
-3517.15461661379,3987.70499567375,3521.36224223404,-0.278726120441689,-0.0810023330766105,-0.149019541904089
-3517.43333291464,3987.62415969644,3521.21306898879,-0.278728043802232,-0.0810267161455256,-0.149023859066484
-3517.71205145234,3987.54329963551,3521.06389059583,-0.278731594998256,-0.081050990959914,-0.149028179260632
-3517.99077226268,3987.46241550429,3520.91470706851,-0.278733535160662,-0.0810756720817342,-0.149032846895049
-3518.26949534504,3987.38150729164,3520.76551839475,-0.278734796400288,-0.0811006685255565,-0.149037830083698
-3518.54822067507,3987.30057499635,3520.61632457564,-0.278738015400159,-0.0811247776681576,-0.14904192635141
-3518.8269482611,3987.21961861799,3520.46712561097,-0.278740294832767,-0.0811499251719964,-0.149047167498008
-3519.10567809388,3987.13863816208,3520.31792150866,-0.278743855449321,-0.0811745004192917,-0.149051837665111
-3519.38441018513,3987.05763362054,3520.16871225889,-0.278744955149424,-0.081199563792946,-0.149056883647438
-3519.66314453106,3986.97660499882,3520.01949786938,-0.278746989826447,-0.0812235900673517,-0.149060784442434
-3519.9418810971,3986.89555229173,3519.87027833734,-0.278748279163084,-0.0812491838608087,-0.149066467884377
-3520.22061992197,3986.81447549615,3519.72105365695,-0.278751483907643,-0.0812732968992947,-0.149070562928797
-3520.49936100007,3986.7333746212,3519.57182383996,-0.278753532874252,-0.0812976218244185,-0.149074813886019
-3520.77810430572,3986.65224965739,3519.42258887824,-0.278757100344201,-0.0813224981662869,-0.149079833644112
-3521.05684984164,3986.57110060699,3519.27334877479,-0.278758012425203,-0.0813473323357896,-0.149084590961746
-3521.335597618,3986.48992747236,3519.12410353261,-0.278761380697411,-0.0813716805736502,-0.149088972396145
-3521.61434762236,3986.40873025005,3518.97485314905,-0.278763441478777,-0.0813963048140713,-0.149093573176846
-3521.89309985839,3986.32750893402,3518.82559761774,-0.278765845693385,-0.0814213949258823,-0.149098748099483
-3522.17185431887,3986.24626353528,3518.67633695287,-0.278767707471,-0.0814454907546304,-0.149102710553249
-3522.45061100333,3986.16499404732,3518.52707114749,-0.278770085510425,-0.0814702852034007,-0.149107534397809
-3522.72936991309,3986.08370046678,3518.37780019852,-0.278772136708455,-0.0814949117921674,-0.149112134234719
-3523.00813105431,3986.00238279497,3518.22852410753,-0.278775469377923,-0.0815189671454487,-0.149116163906625
-3523.28689438919,3985.92104102847,3518.07924287451,-0.278779036225822,-0.0815441468150593,-0.149121532355351
-3523.56565995784,3985.8396751833,3517.92995651563,-0.278778924528301,-0.08156913232454,-0.149126380042907
-3523.844427723,3985.75828522861,3517.78066499859,-0.278780772163946,-0.0815932315053131,-0.149130341184418
-3524.12319771603,3985.67687119061,3517.63136835223,-0.278784137745945,-0.0816178833936212,-0.149135071181842
-3524.40196991176,3985.59543305959,3517.48206656811,-0.278786347266312,-0.0816427464275584,-0.149139956849223
-3524.68074430525,3985.51397083403,3517.33275964547,-0.278786419653615,-0.0816682637184526,-0.14914544123996
-3524.9595209089,3985.43248451099,3517.18344758068,-0.278789390347754,-0.0816918578071216,-0.149148895160051
-3525.23829970736,3985.35097409085,3517.03413037602,-0.278792940052628,-0.081717042287822,-0.149154261973011
-3525.51708071017,3985.26943957397,3516.88480803204,-0.278794946127417,-0.0817413778409088,-0.149158509031334
-3525.79586392081,3985.18788096096,3516.73548055014,-0.278795968656039,-0.0817661571093359,-0.14916319893264
-3526.07464931369,3985.10629824934,3516.58614792976,-0.278799317356816,-0.081790813686768,-0.149167927407876
-3526.3534369081,3985.02469144661,3516.4368101793,-0.278801295186308,-0.0818148540078122,-0.149171823455966
-3526.63222666672,3984.94306053445,3516.28746728068,-0.278804811575273,-0.0818397450615308,-0.149176838791156
-3526.91101863685,3984.86140553715,3516.1381192597,-0.278804691695487,-0.0818650334881436,-0.149182033887542
-3527.18981276868,3984.77972642138,3515.98876608168,-0.27880783725894,-0.0818891626236632,-0.149186123917006
-3527.46860910558,3984.69802321619,3515.8394077783,-0.278810020113282,-0.0819140323849459,-0.149191007046141
-3527.7474076142,3984.61629590874,3515.69004433774,-0.278810874340298,-0.0819388792962069,-0.149195758345847
-3528.0262082979,3984.53454450094,3515.54067576274,-0.278814378512621,-0.0819637737569711,-0.149200772580809
-3528.30501115852,3984.45276898573,3515.39130204554,-0.278817665889892,-0.0819878417710894,-0.149204798850273
-3528.58381618645,3984.37096936878,3515.24192319447,-0.278818533882594,-0.0820129873154472,-0.149209899644213
-3528.8626233937,3984.28914564526,3515.09253920353,-0.278821837494771,-0.0820373536244721,-0.149214275751608
-3529.14143276035,3984.20729781935,3514.94315008001,-0.278823812591995,-0.0820616967699126,-0.149218520005087
-3529.42024430096,3984.12542588828,3514.79375582037,-0.278826150697683,-0.0820868042022298,-0.149223688817224
-3529.69905801195,3984.04352985466,3514.64435642852,-0.278829254000247,-0.0821106421779975,-0.149227426900916
-3529.97787387045,3983.96160971581,3514.49495190416,-0.278829128104353,-0.0821362330926683,-0.149232969255791
-3530.25669189295,3983.87966546716,3514.34554224099,-0.278831265770257,-0.0821608119368416,-0.149237499938677
-3530.5355120673,3983.7976971093,3514.19612744171,-0.278834768927493,-0.0821860097045113,-0.149242862373222
-3530.81433441122,3983.71570464808,3514.04670751235,-0.278836708767109,-0.0822100593412915,-0.149246755238225
-3531.0931588812,3983.63368806834,3513.8972824396,-0.278838860087196,-0.082234937081799,-0.149251635357978
-3531.37198552626,3983.55164738952,3513.74785224276,-0.27883968292782,-0.0822597908881138,-0.149256383399693
-3531.6508143036,3983.46958259164,3513.5984169028,-0.278842962565875,-0.0822841638018601,-0.149260757526518
-3531.9296452289,3983.3874936858,3513.44897643208,-0.278844913802933,-0.0823085127243471,-0.149264999602147
-3532.20847829492,3983.30538067335,3513.29953083369,-0.278847227391284,-0.082333626487544,-0.149270166134652
-3532.48731350129,3983.22324353884,3513.15008009009,-0.278850327928411,-0.0823577677955581,-0.14927425234057
-3532.7661508558,3983.14108230449,3513.0006242276,-0.278851310632304,-0.0823828579244284,-0.149279286501053
-3533.04499033745,3983.05889694778,3512.85116322229,-0.278853444981874,-0.0824077398888593,-0.149284164983936
-3533.32383194814,3982.97668748244,3512.70169709066,-0.278855727946994,-0.0824325591677263,-0.149288980684962
-3533.60267567778,3982.89445389553,3512.55222581938,-0.278857664832635,-0.0824569115731019,-0.149293221457184
-3533.88152156005,3982.81219620279,3512.40274942464,-0.278860774271907,-0.082481353076297,-0.149297656529953
-3534.16036955915,3982.72991438848,3512.25326789182,-0.278862898936873,-0.0825062375072514,-0.149302534098527
-3534.43921967772,3982.64760846232,3512.10378123274,-0.278866154622863,-0.0825306171226287,-0.149306906266851
-3534.71807190946,3982.56527840667,3511.954289428,-0.278867271228981,-0.0825556479724174,-0.149311876270569
-3534.99692629625,3982.48292424818,3511.80479250623,-0.278868041981581,-0.0825802115762905,-0.149316271274987
-3535.27578277127,3982.40054596838,3511.65529045191,-0.278870177608908,-0.0826053954360331,-0.149321497696927
-3535.55464135046,3982.31814355914,3511.50578325481,-0.278874406286322,-0.0826293355314311,-0.149325426401424
-3535.83350206739,3982.23571704483,3511.35627094176,-0.278875362143954,-0.0826544317385477,-0.149330457844372
-3536.11236432166,3982.15326577894,3511.20675293574,-0.278878795607884,-0.082679346320502,-0.149335465943026
-3536.39122851954,3982.07079020946,3511.05722963898,-0.278878784362624,-0.0827051826986894,-0.149341289198747
-3536.6700948091,3981.98829050287,3510.90770119555,-0.278881828549801,-0.0827290363901265,-0.149345022651124
-3536.94896322402,3981.90576668732,3510.75816763621,-0.27888392882483,-0.0827539268468327,-0.149349897885299
-3537.22783373654,3981.82321873757,3510.60862893456,-0.278884680261931,-0.0827784945482196,-0.149354290987043
-3537.5067063126,3981.74064665617,3510.45908509675,-0.278887909449593,-0.0828028812892537,-0.1493586609558
-3537.78558099868,3981.65805045608,3510.30953613533,-0.278888656110041,-0.0828274500019618,-0.149363053604254
-3538.06445776929,3981.57543012137,3510.15998203417,-0.278892093030627,-0.0828526663858078,-0.149368409802189
-3538.34333664122,3981.49278566904,3510.01042281286,-0.278893006222345,-0.0828774703569588,-0.149373089402951
-3538.62221758804,3981.41011707442,3509.86085844514,-0.278894920581081,-0.0829021301178387,-0.149377675786978
-3538.90110060088,3981.32742435227,3509.71128894963,-0.278899271668975,-0.0829260155533767,-0.149381540139358
-3539.17998570975,3981.24470750178,3509.56171432406,-0.27890267828511,-0.0829509377261147,-0.149386545921573
-3539.45887290607,3981.16196652506,3509.41213457209,-0.278902276564278,-0.0829760141186691,-0.149391441760124
-3539.73776217212,3981.07920140689,3509.26254967819,-0.278904160856165,-0.0830003791215146,-0.149395677734145
-3540.01665350445,3980.99641216077,3509.11295965909,-0.278907388937271,-0.0830250688893941,-0.149400395398095
-3540.29554691011,3980.91359878554,3508.96336451366,-0.278909460112388,-0.0830499665743963,-0.149405267853292
-3540.57444238221,3980.83076126894,3508.81376422869,-0.278909350089922,-0.0830749193734652,-0.14941003865659
-3540.85333992389,3980.74789962006,3508.66415881554,-0.278912399764312,-0.0830993766270553,-0.149414468200836
-3541.13223952741,3980.66501384244,3508.51454827951,-0.278915447074869,-0.0831238345485047,-0.149418897525786
-3541.41114120611,3980.58210392093,3508.36493260278,-0.278917508542771,-0.0831487346168238,-0.149423769049209
-3541.69004492842,3980.49916987027,3508.21531180553,-0.278918392615177,-0.0831735450894497,-0.149428445905529
-3541.96895070685,3980.41621168382,3508.06568588003,-0.278920449202662,-0.0831984463037738,-0.149433316949325
-3542.24785854514,3980.3332293531,3507.91605481657,-0.278923617226004,-0.0832225470694965,-0.149437334232284
-3542.52676843018,3980.25022288728,3507.76641862787,-0.278926823586779,-0.0832472427935757,-0.149442049966258
-3542.80568036648,3980.1671922801,3507.61677730689,-0.278928701965624,-0.0832719112815285,-0.149446632857973
-3543.08459435159,3980.08413753957,3507.46713086381,-0.278929573911684,-0.0832967244875853,-0.149451308591164
-3543.36351039638,3980.00105865358,3507.31747928472,-0.278930634604806,-0.0833220700104422,-0.149456620832056
-3543.64242846596,3979.91795563335,3507.1678225857,-0.278932505731252,-0.0833467401067688,-0.149461202972635
-3543.92134857767,3979.83482846581,3507.01816075123,-0.278935679705406,-0.0833711418900556,-0.149465568377772
-3544.20027072543,3979.75167716227,3506.86849379552,-0.278937696593631,-0.0833957507941115,-0.149470088392152
-3544.47919491589,3979.66850170845,3506.71882170232,-0.278939540285342,-0.0834201254958813,-0.149474320678881
-3544.75812113005,3979.58530212342,3506.5691444959,-0.278942918343267,-0.083445358385122,-0.149479671346411
-3545.0370493801,3979.50207838755,3506.41946215334,-0.27894475724687,-0.0834697342830275,-0.14948390319706
-3545.31597967263,3979.41883050955,3506.26977468487,-0.278946784708424,-0.0834946427532189,-0.149488771478549
-3545.59491196222,3979.33555848242,3506.12008208657,-0.278947614547607,-0.0835191636403193,-0.149493096040706
-3545.87384630103,3979.2522623188,3505.97038437024,-0.278949637139786,-0.0835440732466825,-0.149497963861972
-3546.15278265062,3979.16894200133,3505.8206815188,-0.278951657290527,-0.0835689834526435,-0.149502831439933
-3546.43172102314,3979.08559753824,3505.67097354202,-0.278954639056638,-0.083593156151639,-0.149506907528473
-3546.71066140463,3979.00222892818,3505.52126043992,-0.278955499546796,-0.0836182734826263,-0.149511929298823
-3546.98960381696,3978.91883617408,3505.37154221522,-0.278958626984816,-0.0836423852715776,-0.149515943535428
-3547.26854823056,3978.83541926679,3505.22181886007,-0.278959332196962,-0.0836675657888444,-0.149521026250119
-3547.54749465055,3978.75197821258,3505.07209038218,-0.278961490597441,-0.0836924168420639,-0.149525831251292
-3547.82644307675,3978.66851300901,3504.92235677933,-0.278964460494499,-0.0837165926305089,-0.149529906333636
-3548.10539352522,3978.58502365587,3504.77261805104,-0.27896547920745,-0.0837419477764964,-0.149535214443651
-3548.38434594807,3978.50151014989,3504.6228741976,-0.278969619334094,-0.0837662164306133,-0.149539483474638
-3548.66330038501,3978.41797249792,3504.47312522499,-0.278970462715099,-0.0837913375653875,-0.149544503513795
-3548.94225681921,3978.33441068324,3504.32337111556,-0.278972418478345,-0.0838156593637722,-0.149548671013653
-3549.22121525991,3978.2508247313,3504.17361189903,-0.278974241587213,-0.0838403408772418,-0.14955324846469
-3549.50017567224,3978.16721460948,3504.02384754078,-0.278977367569869,-0.0838647556818947,-0.149557609929461
-3549.77913809481,3978.0835803467,3503.87407807231,-0.278979356181664,-0.0838896736605849,-0.149562474515961
-3550.05810248429,3977.99992192318,3503.72430347464,-0.278981342351286,-0.0839145922346923,-0.149567338858629
-3550.33706890171,3977.91623934758,3503.57452375393,-0.278982131096073,-0.0839391221719659,-0.14957165984529
-3550.61603725842,3977.83253261277,3503.42473890935,-0.278983942193322,-0.0839638064947979,-0.149576236117594
-3550.89500761217,3977.74880172402,3503.27494894331,-0.278987226347649,-0.0839884599118738,-0.149580884208402
-3551.17397996233,3977.6650466784,3503.12515385338,-0.278987877573319,-0.0840133504220922,-0.149585614421986
-3551.45295426744,3977.58126748076,3502.97535364894,-0.278991006664217,-0.0840380669352331,-0.149590323211156
-3551.73193055153,3977.49746411259,3502.82554830732,-0.278992978246754,-0.084062989040312,-0.149595186154469
-3552.01090880785,3977.41363659698,3502.67573785665,-0.278993942445447,-0.084088054864594,-0.149600142166756
-3552.28988902272,3977.32978490882,3502.52592226952,-0.278996874308209,-0.0841122405942618,-0.149604214012972
-3552.56887123733,3977.24590907645,3502.37610157667,-0.278997533314786,-0.0841374308444175,-0.149609291583979
-3552.84785538158,3977.16200907899,3502.22627575948,-0.279000800430534,-0.0841620889433747,-0.14961393828183
-3553.12684150445,3977.07808490887,3502.07644480647,-0.279003895144031,-0.084186512183058,-0.149618297164749
-3553.4058295833,3976.99413659254,3501.92660875072,-0.279004696945396,-0.0842116424338275,-0.14962331300406
-3553.68481963256,3976.91016410896,3501.77676756755,-0.279007597108034,-0.0842355340592052,-0.149627035279496
-3553.96381162878,3976.82616745529,3501.6269212559,-0.279009569065151,-0.0842607581531855,-0.149632244932315
-3554.24280556086,3976.74214664545,3501.47706983377,-0.279010343738375,-0.0842855927436689,-0.149636911489687
-3554.5218014743,3976.65810167282,3501.32721329064,-0.279012101371683,-0.0843099877421788,-0.149641135934364
-3554.80079931883,3976.57403252945,3501.17735162194,-0.27901537127612,-0.0843349478040003,-0.149646129789408
-3555.07979911401,3976.4899392273,3501.02748484056,-0.279018299149905,-0.0843594370226328,-0.149650548095759
-3555.35880084615,3976.40582175463,3500.87761293481,-0.279017908834727,-0.084384477907124,-0.149655367913043
-3555.63780453463,3976.32168012207,3500.72773591624,-0.279020981929539,-0.0844089068804224,-0.149659725010489
-3555.91681014151,3976.2375143078,3500.57785376307,-0.279022727624223,-0.0844333047074383,-0.149663948382304
-3556.19581769646,3976.15332433673,3500.42796650286,-0.279023505009484,-0.0844584402040531,-0.149668961741472
-3556.47482718436,3976.06911019561,3500.27807412187,-0.27902659060131,-0.0844831683319375,-0.149673666622454
-3556.75383861527,3975.98487188683,3500.12817662314,-0.279027343391301,-0.0845080076344548,-0.149678331109297
-3557.03285196544,3975.90060940756,3499.97827400557,-0.279029268770693,-0.0845329408602252,-0.149683189625982
-3557.31186724183,3975.81632275464,3499.82836626594,-0.279032327435799,-0.0845573736551333,-0.149687545525542
-3557.59088444397,3975.73201193781,3499.67845341618,-0.279034247955322,-0.0845823081104373,-0.14969240359206
-3557.86990358115,3975.64767694104,3499.52853543795,-0.279035976889208,-0.0846067098191931,-0.149696625422959
-3558.14892461034,3975.5633177787,3499.37861235145,-0.279040372898364,-0.084631474356059,-0.149701462705821
-3558.42794757442,3975.47893444294,3499.22868414548,-0.279039766587051,-0.084655987057944,-0.149705643879055
-3558.70697246385,3975.39452693454,3499.07875082217,-0.279041677397384,-0.0846809238281972,-0.149710501029123
-3558.98599925687,3975.3100952459,3498.92881237506,-0.279043566188551,-0.0847055639050919,-0.149715009724656
-3559.26502795632,3975.22563938718,3498.77886881663,-0.279046458225211,-0.0847300622955389,-0.149719424729588
-3559.54405858178,3975.14115935794,3498.6289201455,-0.279047375615989,-0.084755440372675,-0.149724722848736
-3559.82309109773,3975.05665515026,3498.47896635591,-0.27904927666371,-0.08478037948534,-0.149729579046077
-3560.10212551561,3974.97212676511,3498.32900744871,-0.279052141968472,-0.0848045824311719,-0.149733645222298
-3560.38116183546,3974.88757420675,3498.17904342991,-0.279054018673545,-0.0848292254483825,-0.149738152847306
-3560.66020005503,3974.80299746942,3498.02907429326,-0.279055931950355,-0.0848544636367031,-0.149743356464796
-3560.93924016157,3974.71839654372,3497.87910002979,-0.279056628738923,-0.084879013537545,-0.149747669414795
-3561.21828218185,3974.6337714535,3497.72912066599,-0.279059673216781,-0.0849037525805853,-0.149752370614037
-3561.49732608527,3974.54912217617,3497.57913617848,-0.279060215452674,-0.0849283644184898,-0.149756743440037
-3561.77637187774,3974.46444872588,3497.42914658393,-0.279063255108764,-0.0849531047133647,-0.149761444200254
-3562.05541956815,3974.37975109146,3497.27915186965,-0.279065305839046,-0.0849782849563302,-0.149766586308607
-3562.3344691353,3974.295029277,3497.12915204245,-0.279065840830266,-0.0850028982863281,-0.149770958422345
-3562.61352058075,3974.21028327637,3496.97914709588,-0.279070009460077,-0.0850271405115119,-0.149775156786093
-3562.8925738971,3974.12551309976,3496.82913704322,-0.279070728109346,-0.0850522887117041,-0.149780164196952
-3563.1716291134,3974.0407187372,3496.67912187127,-0.279073716900408,-0.0850764376232961,-0.149784168002479
-3563.45068620894,3973.95590019852,3496.52910159392,-0.279073294319027,-0.085102086702308,-0.14978967656397
-3563.72974516245,3973.87105746362,3496.3790761899,-0.279076128692802,-0.085126297523726,-0.149793740100378
-3564.00880597068,3973.78619055108,3496.22904568182,-0.27907929859391,-0.0851509822733414,-0.149798379043604
-3564.28786868024,3973.70129944945,3496.07901005363,-0.279078511431543,-0.0851758620968499,-0.149802963281833
-3564.56693304513,3973.61638396027,3495.9289691369,-0.279081864642459,-0.0852010820937329,-0.1498082374671
-3564.84599882539,3973.53144377341,3495.77892265394,-0.279082397196466,-0.0852259971433773,-0.149812955295815
-3565.12506646463,3973.44647939533,3495.62887105402,-0.279084382186564,-0.0852505892631013,-0.149817399243017
-3565.40413597186,3973.36149083407,3495.47881434639,-0.279087240765492,-0.0852753983574056,-0.149822157150137
-3565.6832073103,3973.27647807804,3495.32875252109,-0.279089071385222,-0.0853000522734967,-0.149826660673061
-3565.96228052892,3973.19144113814,3495.1786855879,-0.279089782253754,-0.0853255034564992,-0.149832013056759
-3566.24135557316,3973.10638000386,3495.02861353924,-0.279095056287144,-0.0853492553009466,-0.149835707711739
-3566.52043249347,3973.0212946777,3494.87853637531,-0.279094587172173,-0.0853746121709555,-0.14984086543111
-3566.79951123007,3972.93618516792,3494.72845411047,-0.279097732629654,-0.0853993034701589,-0.149845502402778
-3567.07859183903,3972.85105146066,3494.57836672567,-0.279098226584934,-0.0854239251826247,-0.149849870550746
-3567.35767427683,3972.7658935612,3494.42827423041,-0.279099912415333,-0.0854489403033329,-0.149854780269224
-3567.63675855438,3972.68071146788,3494.27817662309,-0.27910288198656,-0.0854733965635651,-0.149859128794193
-3567.91584466587,3972.59550518484,3494.1280739094,-0.279103537310563,-0.0854982567137805,-0.149863784071355
-3568.19493261292,3972.51027470284,3493.97796607944,-0.279105196740509,-0.0855229761041304,-0.149868345408062
-3568.47402240139,3972.4250200297,3493.82785314243,-0.279107152526205,-0.0855475754146271,-0.149872787048143
-3568.75311401294,3972.33974116365,3493.6777350985,-0.279110150712704,-0.0855726289311668,-0.149877829940011
-3569.03220744767,3972.25443809134,3493.52761193275,-0.279111783805621,-0.085597052656169,-0.149882043024915
-3569.31130270949,3972.16911083121,3493.37748366701,-0.279111270954578,-0.0856221166891793,-0.149886850531711
-3569.59039979608,3972.08375936976,3493.22735028663,-0.279114074357036,-0.085646637475591,-0.149891257304541
-3569.86949871137,3971.9983837171,3493.07721180365,-0.279116056106519,-0.0856718345019057,-0.149896392966084
-3570.14859942304,3971.9129838501,3492.92706819444,-0.279119004001719,-0.0856962964017683,-0.14990073969852
-3570.42770197658,3971.82755980093,3492.77691949358,-0.279120606090016,-0.0857204254458655,-0.149904604237329
-3570.70680632516,3971.74211154729,3492.62676567941,-0.279122431206536,-0.0857456844391945,-0.149909798798232
-3570.98591248593,3971.65663909173,3492.47660675425,-0.279124384093357,-0.0857705865349344,-0.149914586137272
-3571.26502045427,3971.57114243548,3492.32644272077,-0.279127173122533,-0.0857951110691897,-0.149918991603437
-3571.54413023333,3971.48562158006,3492.17627358103,-0.279127965003658,-0.0858202152806114,-0.149923931796433
-3571.82324181202,3971.40007652428,3492.02609933537,-0.279129574134338,-0.085844644431345,-0.149928142701461
-3572.10235519302,3971.31450726146,3491.87591997633,-0.279132524161599,-0.0858694081552542,-0.14993283541631
-3572.38147038752,3971.22891380277,3491.7257355171,-0.279131984348108,-0.0858944772520223,-0.14993764023377
-3572.66058735064,3971.14329612524,3491.57554593466,-0.279134761404738,-0.0859190047138423,-0.149942044581311
-3572.93970613472,3971.05765425304,3491.42535125412,-0.279136529066697,-0.0859436734732694,-0.149946542522607
-3573.21882669953,3970.97198817945,3491.27515147141,-0.279139469415661,-0.0859684396853894,-0.149951234361167
-3573.4979490391,3970.88629789573,3491.12494657737,-0.279141251131445,-0.0859934070512843,-0.149956079137544
-3573.7770731935,3970.80058340591,3490.97473657466,-0.279143011519822,-0.0860180775760462,-0.149960576438607
-3574.05619911915,3970.71484471115,3490.82452146827,-0.279142289025952,-0.0860429117946866,-0.149965091829352
-3574.33532682827,3970.62908181171,3490.67430125857,-0.279145387630338,-0.0860679180455244,-0.149970070719857
-3574.61445631598,3970.54329469606,3490.52407593303,-0.279148110235742,-0.0860918549098009,-0.149973779154825
-3574.89358759332,3970.45748338281,3490.37384551344,-0.279148723508195,-0.0861170252861341,-0.149978775857971
-3575.17272062189,3970.37164785416,3490.22360998228,-0.279151628090345,-0.086141498433738,-0.149983119030542
-3575.45185543721,3970.2857881137,3490.07336934219,-0.279154381236484,-0.0861660319767548,-0.149987521195033
-3575.73099202223,3970.19990416814,3489.9231236027,-0.279155154996122,-0.086191441664959,-0.149992805111558
-3576.01013013457,3970.11399572909,3489.77287250462,-0.279155926201506,-0.0862168518532704,-0.149998088759481
-3576.28926926357,3970.02806225215,3489.6226155738,-0.279157683414372,-0.0862418247919598,-0.150002931179048
-3576.5684101359,3969.94210455875,3489.47235353333,-0.279160594550779,-0.0862665984526513,-0.150007620375507
-3576.84755279947,3969.85612266411,3489.32208639858,-0.279161004051492,-0.0862912370828415,-0.150011980280232
-3577.12669719985,3969.77011655797,3489.17181416184,-0.279164059317864,-0.0863159524017441,-0.150016610005678
-3577.40584337228,3969.68408624379,3489.02153682567,-0.279163307579814,-0.0863407916789535,-0.150021122381739
-3577.68499131921,3969.59803172431,3488.87125439369,-0.279166376665732,-0.0863658056820251,-0.150026098697631
-3577.96414100501,3969.5119529908,3488.72096685893,-0.279167951632291,-0.0863905440708596,-0.150030651718172
-3578.24329244923,3969.4258500442,3488.57067422176,-0.279170661986952,-0.0864147860133365,-0.15003470466916
-3578.52244563973,3969.33972288817,3488.42037648819,-0.27917139215329,-0.0864399035049718,-0.150039639167041
-3578.80160059405,3969.25357152205,3488.27007365675,-0.279174097748647,-0.0864641466347955,-0.150043691727468
-3579.08075728016,3969.16739594812,3488.11976573335,-0.279173703755465,-0.0864900594629344,-0.150049472384554
-3579.35991569975,3969.08119615052,3487.96945269971,-0.279177728531783,-0.0865143425265757,-0.15005365969761
-3579.63907587559,3968.99497213879,3487.81913456632,-0.279179251834095,-0.0865384892546513,-0.150057517608301
-3579.91823779725,3968.90872392728,3487.66881135138,-0.279180977398105,-0.0865634695686629,-0.150062357017705
-3580.19740146479,3968.8224514893,3487.5184830244,-0.2791825331257,-0.0865882122842818,-0.150066908160062
-3580.47656683272,3968.73615483821,3487.36814960489,-0.279185577749773,-0.0866132328459373,-0.150071882342467
-3580.75573396503,3968.64983397565,3487.21781109095,-0.279186120844097,-0.0866381164355796,-0.150076527005913
-3581.03490281164,3968.56348889376,3487.06746747777,-0.279186512722141,-0.0866630597111626,-0.150081230145702
-3581.31407338143,3968.47711959085,3486.91711876331,-0.279190502236962,-0.0866870500367555,-0.150085069443623
-3581.59324566851,3968.39072607789,3486.7667649617,-0.279192380446482,-0.0867122720683907,-0.150090195496625
-3581.8724197055,3968.3043083352,3486.61640604823,-0.279193921694303,-0.0867370180700168,-0.150094745224421
-3582.15159546003,3968.21786638341,3486.46604205006,-0.279193295948346,-0.0867621028760956,-0.150099541391894
-3582.43077290568,3968.13140021362,3486.31567295923,-0.2791961562135,-0.0867868895270608,-0.150104226014898
-3582.70995209722,3968.04490981984,3486.16529876575,-0.27919897712957,-0.0868110818720467,-0.150108217134404
-3582.98913298577,3967.95839520869,3486.01491948149,-0.279199537630243,-0.0868365644630149,-0.150113553224652
-3583.26831558467,3967.87185636936,3485.86453509352,-0.279201048372313,-0.0868610155678114,-0.150117755123248
-3583.54749988565,3967.78529330936,3485.71414561205,-0.27920289087795,-0.0868859441423139,-0.150122532942385
-3583.82668591221,3967.69870603226,3485.56375104015,-0.279203258498535,-0.086910892195403,-0.15012723355379
-3584.10587362017,3967.61209452397,3485.41335136537,-0.279208380933582,-0.0869346908921443,-0.150130918646002
-3584.38506305196,3967.52545880457,3485.26294660865,-0.279209096121891,-0.0869604146066588,-0.150136541496815
-3584.66425417266,3967.43879885592,3485.11253675224,-0.279210761832083,-0.0869851070190029,-0.150141030402822
-3584.94344699285,3967.35211467855,3484.96212179663,-0.279212258183857,-0.0870095613767557,-0.15014523101358
-3585.22264150518,3967.26540627968,3484.81170175144,-0.27921278060722,-0.0870347504857359,-0.150150218468725
-3585.50183772169,3967.17867365419,3484.6612766105,-0.279215410660406,-0.0870587102720078,-0.150153919685336
-3585.78103561335,3967.09191680635,3484.51084638166,-0.279217103370627,-0.0870839999023974,-0.150159100640179
-3586.06023518371,3967.00513572377,3484.36041105079,-0.279220080673458,-0.087108735851389,-0.150163724121195
-3586.33943645837,3966.91833042342,3484.20997063681,-0.279220444776999,-0.0871339858090364,-0.150168768891507
-3586.6186394232,3966.83150088947,3484.0595251229,-0.279220769873257,-0.0871586411164771,-0.150173120564634
-3586.89784403934,3966.74464712536,3483.90907451626,-0.279224896744349,-0.0871831811506996,-0.150177591034731
-3587.17705034639,3966.65776913076,3483.75861881479,-0.279227530844467,-0.087207442079531,-0.150181637508496
-3587.45625833992,3966.57086691188,3483.6081580265,-0.279228182153574,-0.0872325765729251,-0.150186564776334
-3587.73546799162,3966.48394046232,3483.45769214677,-0.279229691008063,-0.0872576313191771,-0.150191455838193
-3588.01467932237,3966.39698977578,3483.30722116742,-0.27923130943999,-0.0872820328567649,-0.150195595854371
-3588.29389231323,3966.31001486772,3483.15674510865,-0.279232961876384,-0.0873070300270607,-0.150200428254101
-3588.57310697691,3966.22301571566,3483.00626394384,-0.279234593674253,-0.087331730212522,-0.150204914150018
-3588.85232330011,3966.1359923407,3482.85577769939,-0.279236241223654,-0.0873567284985957,-0.150209746079041
-3589.13154129127,3966.04894472385,3482.7052863532,-0.279236562784433,-0.0873816856356468,-0.150214441888125
-3589.41076093247,3965.96187288037,3482.55478992501,-0.279239492674059,-0.0874061316408318,-0.150218716797022
-3589.68998224686,3965.87477680391,3482.40428840668,-0.279239975862159,-0.0874313287779123,-0.150223700268833
-3589.96920520551,3965.78765648648,3482.25378179143,-0.279242586097472,-0.0874555954719815,-0.150227744697253
-3590.24842981422,3965.70051193667,3482.10327008971,-0.279244203351921,-0.0874802989539187,-0.150232229307085
-3590.52765608125,3965.61334315603,3481.9527533034,-0.279244530902696,-0.0875055559908549,-0.150237269997372
-3590.80688398814,3965.52615012653,3481.80223141353,-0.279246309663739,-0.087530499658291,-0.150242042303004
-3591.08611352554,3965.43893286831,3481.65170444466,-0.279249243057508,-0.0875552470316548,-0.150246662250027
-3591.36534471381,3965.35169137356,3481.50117238741,-0.279251859418518,-0.0875798142717077,-0.150251051751746
-3591.64457756106,3965.2644256338,3481.35063523175,-0.279253280189528,-0.087603983768581,-0.150254901050198
-3591.92381201872,3965.1771356569,3481.200092991,-0.279256076116023,-0.087629089023583,-0.150259924349936
-3592.20304813306,3965.08982144719,3481.04954566764,-0.27925536208685,-0.0876541897902834,-0.150264711660201
-3592.48228586055,3965.00248298867,3480.89899324678,-0.279258283308606,-0.0876789403710722,-0.150269330637824
-3592.76152525831,3964.91512029855,3480.74843574547,-0.279258573321508,-0.0877039036733996,-0.150274023178868
-3593.04076625614,3964.82773335855,3480.59787314761,-0.279260148311664,-0.087728315067452,-0.150278159650318
-3593.32000886432,3964.74032217867,3480.44730546504,-0.279260599616682,-0.0877535186232865,-0.150283139875708
-3593.59925312286,3964.65288676296,3480.29673270032,-0.279265843482664,-0.0877781765004907,-0.150287799959655
-3593.87849899112,3964.56542709756,3480.14615484108,-0.279264948595084,-0.0878030404713386,-0.150292297591699
-3594.15774647801,3964.47794319445,3479.99557190091,-0.279267891019984,-0.087828390037241,-0.150297607186691
-3594.43699556668,3964.39043503459,3479.84498385988,-0.27927042723759,-0.0878520709500035,-0.150300956612383
-3594.71624629972,3964.30290264212,3479.69439074368,-0.279270718186669,-0.087877335162107,-0.150305993267184
-3594.99549862891,3964.21534600146,3479.54379253843,-0.279272110326043,-0.0879015108708348,-0.15030984014652
-3595.27475256564,3964.12776511595,3479.39318924754,-0.279275025072214,-0.0879265653842985,-0.15031480301189
-3595.554008123,3964.0401599874,3479.24258087325,-0.27927429943661,-0.0879519689672582,-0.150319933168625
-3595.83326526055,3963.95253060396,3479.09196740502,-0.279277043323525,-0.0879767850889299,-0.150324607339594
-3596.11252402789,3963.86487698027,3478.94134885735,-0.279278609594259,-0.0880015001400085,-0.150329087411454
-3596.39178436538,3963.7771990997,3478.79072521568,-0.279279181901281,-0.0880266512356464,-0.150334007375488
-3596.67104631609,3963.68949697909,3478.64009649722,-0.279281900669517,-0.0880511715873999,-0.15033833517444
-3596.95030987632,3963.6017706069,3478.48946268977,-0.279284469048124,-0.0880757504892919,-0.150342720252945
-3597.22957501245,3963.51401998463,3478.33882379781,-0.279286043399599,-0.0881007654032644,-0.150347545178732
-3597.5088417567,3963.42624511163,3478.18817981927,-0.279286274373742,-0.0881254390490727,-0.150351887730767
-3597.78811006876,3963.33844599144,3478.0375307614,-0.279287843848724,-0.0881504549777993,-0.150356712165612
-3598.06737996903,3963.25062261324,3477.8868766113,-0.279290716258695,-0.0881752181945851,-0.150361327218841
-3598.34665145509,3963.16277498642,3477.7362173805,-0.279290939979444,-0.0881998932288101,-0.15036566906855
-3598.6259245128,3963.07490310352,3477.58555306217,-0.279293624173328,-0.0882241201811007,-0.150369649871753
-3598.90519917816,3962.98700697826,3477.43488367039,-0.279295201609262,-0.0882494359889929,-0.150374819000086
-3599.18447538875,3962.89908659067,3477.28420918686,-0.279295601365921,-0.0882746499605311,-0.150379793983662
-3599.46375318678,3962.81114195117,3477.13352962182,-0.279298278336046,-0.0882988787123271,-0.150383774231201
-3599.74303254916,3962.72317305944,3476.98284497672,-0.279300013905922,-0.0883244361636456,-0.15038923087165
-3600.02231349852,3962.63517990265,3476.83215523625,-0.279301049682829,-0.0883484388616616,-0.150392843064082
-3600.30159599916,3962.54716250276,3476.6814604287,-0.279302928144983,-0.0883739398089269,-0.150398241982364
-3600.58088007172,3962.45912083385,3476.53076052351,-0.279304272489584,-0.0883981259055351,-0.150402084838646
-3600.86016569814,3962.3710549187,3476.38005554873,-0.27930583273463,-0.0884234455313745,-0.150407252171191
-3601.1394528877,3962.28296473514,3476.22934547908,-0.279308329925743,-0.0884474377899017,-0.150410943024747
-3601.41874164611,3962.1948503077,3476.07863034305,-0.279306560194902,-0.0884732854131735,-0.150416507480229
-3601.69803193367,3962.1067116092,3475.92791011264,-0.279310393155584,-0.088497621780416,-0.150420680102117
-3601.97732379852,3962.01854865821,3475.77718480677,-0.279311926003452,-0.0885226459389172,-0.150425501040759
-3602.25661718992,3961.93036144049,3475.62645441311,-0.279313456398187,-0.0885476706434761,-0.150430321731994
-3602.53591215732,3961.84214996997,3475.47571894512,-0.279314966805963,-0.0885723982302151,-0.150434796839671
-3602.81520864159,3961.75391423354,3475.32497839229,-0.2793151518752,-0.0885970805881086,-0.150439134903752
-3603.0945066932,3961.66565423979,3475.174232762,-0.27931781514759,-0.0886216147201047,-0.150443458095826
-3603.37335666473,3961.57691810142,3475.02301303494,-0.278104559719824,-0.0898554708706587,-0.151723820185711
-3603.65062267247,3961.48658519228,3474.87011878551,-0.276469684215949,-0.0915142822128724,-0.153445017060375
-3603.92625096323,3961.3945790367,3474.71551198532,-0.274837539890405,-0.0931984336070429,-0.155141346285269
-3604.20024321321,3961.30087323675,3474.55921687749,-0.273204607077799,-0.0949082688097416,-0.15681291136674
-3604.47260138355,3961.20544165908,3474.40125796788,-0.271572424205004,-0.0966450262052283,-0.158461117871734
-3604.7433276847,3961.10825843319,3474.24166001875,-0.269946356388805,-0.098405794357804,-0.160083487346492
-3605.01242454394,3961.00929796884,3474.08044806188,-0.268320794013957,-0.100192643023554,-0.161681578601991
-3605.27997267509,3960.90836031728,3473.91793343001,-0.266919920016147,-0.101742238144459,-0.16304729039112
-3605.54682834144,3960.80654349875,3473.75480910635,-0.266902394070733,-0.101768130761731,-0.163090471297599
-3605.81398415845,3960.70503789333,3473.59195605785,-0.267412358636548,-0.101237680922712,-0.162610590009407
-3606.08160529126,3960.60401546503,3473.42954136857,-0.267808612932032,-0.100833193721483,-0.162236559832663
-3606.34953216923,3960.50329787981,3473.26741359919,-0.268017825472623,-0.100635163266487,-0.162043288328203
-3606.61759039939,3960.40269326015,3473.10540489856,-0.268078258009973,-0.100597539339909,-0.161992196219784
-3606.88566520597,3960.30207680866,3472.94340380753,-0.268062165252267,-0.100645963239626,-0.162019032886903
-3607.15370668613,3960.20139502338,3472.78136123035,-0.268020980672556,-0.100719130400515,-0.162068612214295
-3607.42170811031,3960.1006412319,3472.61927010387,-0.267984131474037,-0.100785560238995,-0.162112407108876
-3607.68968175182,3959.99982910786,3472.45714217411,-0.267964619638564,-0.100835524935538,-0.162141812105599
-3607.95764282184,3959.89897519011,3472.29499218309,-0.267959215971329,-0.100870133809742,-0.162157373532242
-3608.22560207134,3959.79809113774,3472.1328306737,-0.26796015594968,-0.100896637576098,-0.162165432719047
-3608.49356472917,3959.69718250971,3471.97066270737,-0.267965019002261,-0.100919833589522,-0.162170610423242
-3608.76153194715,3959.59625056727,3471.80848945655,-0.267968674744562,-0.10094298432488,-0.162175599001897
-3609.02950294933,3959.49529449508,3471.64631019864,-0.267971898651313,-0.100968688183145,-0.162183120314585
-3609.29747657343,3959.39431298175,3471.48412374858,-0.267974867390024,-0.100994122353183,-0.162190365402544
-3609.5654519214,3959.29330508492,3471.32192926364,-0.267975977151063,-0.101021203911284,-0.16219902975711
-3609.83342853511,3959.19227032463,3471.15972631762,-0.267977123153681,-0.101048585945916,-0.162207997918915
-3610.10140636888,3959.09120862472,3470.99751484131,-0.267977897664566,-0.101074814455705,-0.162215761638427
-3610.36938552563,3958.99012014459,3470.83529498289,-0.267980163438139,-0.101101643706997,-0.162224311932346
-3610.63736620633,3958.88900505156,3470.67306688583,-0.267982242020666,-0.10112789646515,-0.162232260159322
-3610.90534856541,3958.7878635441,3470.51083072982,-0.267983191959289,-0.101154707833818,-0.162240621758719
-3611.17333270535,3958.68669572603,3470.34858660684,-0.267985225297515,-0.101180663236382,-0.162248264930033
-3611.44131868973,3958.58550169064,3470.18633460315,-0.267985985145908,-0.101206898261857,-0.162256024656959
-3611.70930658432,3958.48428149683,3470.02407477056,-0.26798921692401,-0.101232897411249,-0.162263861529926
-3611.97729643493,3958.3830351961,3469.86180715586,-0.267989970915564,-0.101259134425441,-0.162271620351192
-3612.24528828369,3958.28176284521,3469.69953181184,-0.267992071017255,-0.101285693056133,-0.162279870028458
-3612.5132821814,3958.18046448248,3469.53724877107,-0.267994965385265,-0.101310838289112,-0.162286807866277
-3612.78127818167,3958.07914018087,3469.37495810086,-0.267995855344601,-0.101337357182885,-0.162294862259843
-3613.04927628872,3957.97778997142,3469.21265983286,-0.268000198542546,-0.101362805072033,-0.162302283543565
-3613.3172765931,3957.87641391513,3469.05035401739,-0.268000754179982,-0.101388468510671,-0.162309439418199
-3613.58527913611,3957.77501206093,3468.88804069942,-0.268002800544608,-0.101414733117968,-0.162317383006118
-3613.85328391141,3957.67358445218,3468.72571992394,-0.268004843989533,-0.10144099885053,-0.162325326164608
-3614.12129100101,3957.57213113277,3468.56339172572,-0.268007682331579,-0.101465851107924,-0.162331957918458
-3614.38930041843,3957.47065214315,3468.40105614435,-0.268009575483222,-0.101491839863855,-0.162339603409345
-3614.65731221766,3957.36914753142,3468.23871322241,-0.268012591925243,-0.101517273045536,-0.162346835185825
-3614.92532642075,3957.26761732542,3468.07636298563,-0.268015750087051,-0.101542986689149,-0.162354363499786
-3615.19334304816,3957.16606156551,3467.91400547311,-0.268018616426783,-0.101568142945598,-0.162361297693845
-3615.46136215281,3957.06448029465,3467.75164072195,-0.268020603670947,-0.101594115941188,-0.162368934789756
-3615.72938374292,3956.96287353525,3467.58926875471,-0.268023464466506,-0.101619274470867,-0.162375868230205
-3615.99740786503,3956.86124131506,3467.42688959447,-0.268026322517537,-0.101644434098933,-0.162382801338648
-3616.26543451723,3956.75958367156,3467.26450327986,-0.268028262319805,-0.101670111019451,-0.162390133639026
-3616.53346374329,3956.65790062305,3467.1021098248,-0.268029949487347,-0.101695529556585,-0.162397175482092
-3616.80149554748,3956.5561921843,3466.93970924449,-0.268032760313757,-0.101720392913736,-0.162403803999773
-3617.06952991367,3956.45445838538,3466.77730157217,-0.268035973893908,-0.101746715074426,-0.162411936708247
-3617.33756692244,3956.35269924246,3466.61488681474,-0.268037574887486,-0.101771537626864,-0.162418370473772
-3617.60560656565,3956.25091478351,3466.45246500235,-0.268041581844231,-0.101796447421559,-0.162425192206192
-3617.87364884374,3956.14910503482,3466.29003616217,-0.268044709192148,-0.101822174154281,-0.162432716786081
-3618.14169383428,3956.04727002942,3466.12760031852,-0.268046379755248,-0.101847598991798,-0.162439756597469
-3618.40974147882,3955.94540977033,3465.96515748275,-0.268050378531519,-0.101872512422102,-0.162446577315918
-3618.67779185974,3955.8435242918,3465.80270767998,-0.268050800447234,-0.101897596423297,-0.162453118967801
-3618.94584498405,3955.7416136147,3465.64025093106,-0.268053628304356,-0.101922768225541,-0.162460048406208
-3619.21390084245,3955.63967777077,3465.47778727001,-0.268057907296582,-0.101948244852376,-0.162467461976838
-3619.48195946706,3955.53771675349,3465.31531668749,-0.268059669479182,-0.101973655310003,-0.162474493647867
-3619.75002088115,3955.43573060827,3465.15283922678,-0.268062306246624,-0.101998251106618,-0.162480821886425
-3620.01808507751,3955.33371933376,3464.99035488872,-0.268065123206376,-0.102023427464252,-0.162487750012821
-3620.28615208014,3955.23168295327,3464.82786369456,-0.268068081517054,-0.102048884938722,-0.1624949747052
-3620.55422189008,3955.12962147678,3464.66536565521,-0.268070959651805,-0.102073744494506,-0.162501592614555
-3620.82229455433,3955.02753493166,3464.5028607932,-0.268073768447647,-0.102098924292209,-0.162508519773208
-3621.09037006781,3954.92542332167,3464.34034911403,-0.268075331510518,-0.102123761629577,-0.162514949512714
-3621.35844839991,3954.82328667011,3464.17783064569,-0.268080610253639,-0.102148712804825,-0.162521954425728
-3621.62652963266,3954.72112497364,3464.01530537599,-0.268080896922375,-0.102173827146919,-0.162528499093062
-3621.89461370253,3954.61893826548,3463.85277334679,-0.268086170277684,-0.102198780911289,-0.162535503390951
-3622.16270068477,3954.51672654625,3463.69023455058,-0.268087722602551,-0.102223622558669,-0.162541932029629
-3622.43079053439,3954.41448983464,3463.52768901277,-0.268091863417369,-0.102249133787092,-0.162549348018034
-3622.69888329741,3954.31222812942,3463.3651367273,-0.268093410347504,-0.102273977578009,-0.162555776090269
-3622.96697896374,3954.20994145918,3463.20257772522,-0.268096341348161,-0.102299446787025,-0.16256299761068
-3623.23507756054,3954.10762981626,3463.04001199653,-0.268098943400956,-0.102324056864346,-0.162569321986622
-3623.50317905315,3954.00529321784,3462.87743956374,-0.268104305913591,-0.102348999373403,-0.162576318441255
-3623.77128348805,3953.90293167504,3462.71486043319,-0.268106902670249,-0.102373611797487,-0.162582642260236
-3624.03939085528,3953.80054519379,3462.55227461327,-0.268109640565426,-0.102398505754979,-0.162589262710338
-3624.30750117509,3953.69813378635,3462.38968211464,-0.268111315185542,-0.102423636479963,-0.162595986089223
-3624.57561441342,3953.59569745373,3462.22708294387,-0.268115252060401,-0.102448577588255,-0.162602799671595
-3624.84373061736,3953.49323621332,3462.06447711319,-0.268116777565762,-0.102473429944573,-0.162609225587803
-3625.11184977514,3953.39075005469,3461.90186461498,-0.268120709096646,-0.102498373441438,-0.162616038566256
-3625.37997190202,3953.28823901393,3461.73924548445,-0.268122267649869,-0.102523527506464,-0.162622766718286
-3625.6480969698,3953.18570306509,3461.57661970019,-0.268128487394953,-0.102547665035016,-0.162629058055112
-3625.91622500474,3953.08314223716,3461.41398728907,-0.26812891297041,-0.102573375255335,-0.162636197487889
-3626.18435603647,3952.98055652614,3461.2513482444,-0.268131591112394,-0.102597978639332,-0.162642512920717
-3626.45249002617,3952.87794594468,3461.08870258492,-0.268134410189236,-0.10262286392625,-0.162649125044147
-3626.72062699255,3952.77531048613,3460.92605030246,-0.268139309888485,-0.102646980155763,-0.162655227537758
-3626.98876692996,3952.67265016107,3460.76339140961,-0.268142056710349,-0.102672186259751,-0.162662147512198
-3627.25690986898,3952.56996498695,3460.60072592089,-0.268143558216623,-0.102697048234823,-0.162668571019406
-3627.5250557724,3952.46725494762,3460.4380538261,-0.268146261399947,-0.102721956907351,-0.162675187782546
-3627.79320467276,3952.36452006688,3460.27537514582,-0.268150453191104,-0.102747474395872,-0.16268259162241
-3628.0613565574,3952.26176033446,3460.11268987268,-0.268154135475317,-0.102771551075046,-0.16268849927985
-3628.32951143568,3952.15897575676,3459.94999801284,-0.268156830665366,-0.102796463288184,-0.162695115206084
-3628.59766930288,3952.05616634649,3459.78729958069,-0.268159704762885,-0.102821957308266,-0.162702330265864
-3628.86583015159,3951.95333209183,3459.62459456667,-0.268162356418141,-0.102846572175294,-0.1627086431386
-3629.13399402207,3951.85047301412,3459.46188298781,-0.268164900225316,-0.10287120666831,-0.162714961273959
-3629.40216087105,3951.74758909965,3459.29916483725,-0.268167689951904,-0.102896104900689,-0.162721570585041
-3629.67033071782,3951.64468036518,3459.13644013002,-0.26817040990233,-0.102921322398864,-0.162728487497747
-3629.93850354281,3951.54174680222,3458.97370886147,-0.268174112031929,-0.10294570686711,-0.162734695777331
-3630.20667936994,3951.43878841308,3458.81097103186,-0.268176893761946,-0.1029706086309,-0.162741304316466
-3630.47485821278,3951.33580521958,3458.64822666253,-0.268180733919574,-0.102995276776406,-0.162747809012881
-3630.74304003113,3951.23279720357,3458.48547574126,-0.268183443160306,-0.103020498908121,-0.162754724705784
-3631.01122486104,3951.12976437633,3458.32271827614,-0.268187096794886,-0.103044588499252,-0.162760629623199
-3631.27941268314,3951.02670673319,3458.15995426581,-0.268189905892303,-0.103069794659556,-0.162767539407134
-3631.54760350273,3950.92362428257,3457.9971837192,-0.268192569115338,-0.103094720580797,-0.162774151964535
-3631.8157973231,3950.82051702509,3457.83440663781,-0.268195048568985,-0.103119066506656,-0.162780165099582
-3632.08399412157,3950.71738496325,3457.67162302759,-0.268200220365078,-0.103144070313824,-0.162787158345188
-3632.35219394263,3950.61422809574,3457.50883288324,-0.268201566102693,-0.103168970870298,-0.162793582055157
-3632.62039673392,3950.5110464186,3457.34603620809,-0.268204180788112,-0.103193601649609,-0.162799891360206
-3632.88860252112,3950.4078399453,3457.18323301377,-0.268208140242685,-0.103218562273673,-0.162806690557778
-3633.15681132152,3950.30460867765,3457.02042330072,-0.268209583165896,-0.103243447852835,-0.162813108283337
-3633.42502309493,3950.20135259377,3456.85760705347,-0.26821452290706,-0.103267577226252,-0.16281919905375
-3633.69323787422,3950.09807172409,3456.69478429916,-0.268215855391581,-0.103292482937095,-0.162825621376502
-3633.96145564881,3949.99476606415,3456.53195503592,-0.268219879848908,-0.103318047857406,-0.162833023531913
-3634.22967639342,3949.89143559841,3456.36911925232,-0.268221312121242,-0.103342937701057,-0.16283944019174
-3634.49790013573,3949.78808033161,3456.20627695099,-0.268224789005327,-0.103366760680473,-0.162845044961355
-3634.76612685561,3949.68470027634,3456.04342814777,-0.268227601034261,-0.103392281683822,-0.16285225308165
-3635.03435657326,3949.58129542617,3455.88057283512,-0.268230191942298,-0.103416922652623,-0.16285856010737
-3635.30258927069,3949.4778657878,3455.71771102288,-0.268234127424551,-0.103441894401652,-0.162865356890201
-3635.57082495473,3949.3744113547,3455.55484270475,-0.268237917392689,-0.10346658554141,-0.162871856447985
-3635.83906361843,3949.27093212398,3455.39196787998,-0.268240357565956,-0.103490948055515,-0.162877865779566
-3636.10730524958,3949.16742809992,3455.22908655521,-0.268243156088637,-0.103516474998548,-0.162885072402291
-3636.37554987413,3949.06389928675,3455.06619873279,-0.268246720038851,-0.10354028834672,-0.162890670610795
-3636.64379746826,3948.96034568561,3454.90330441763,-0.268249370428357,-0.103565535591646,-0.162897579695562
-3636.91204804323,3948.8567672926,3454.74040360577,-0.268252123226746,-0.103590766365579,-0.162904483667291
-3637.18030158629,3948.75316410602,3454.57749629811,-0.268254693001562,-0.103615416488076,-0.162910788684236
-3637.4485581014,3948.64953613106,3454.41458250038,-0.268257192625512,-0.103640384952273,-0.162917399881954
-3637.71681757752,3948.54588336012,3454.25166220739,-0.268261066563408,-0.103665068177599,-0.162923892563391
-3637.98508001568,3948.44220580016,3454.0887354272,-0.268263523325646,-0.103689739172827,-0.162930201510828
-3638.25334544792,3948.33850345818,3453.9258021639,-0.268267286897147,-0.103714442332718,-0.162936698374664
-3638.52161382655,3948.23477631536,3453.76286240556,-0.268268676664417,-0.103739349211709,-0.162943110879766
-3638.78988515588,3948.13102438448,3453.59991616562,-0.268273564308127,-0.103763504003697,-0.162949196900081
-3639.05815945913,3948.02724765967,3453.4369634364,-0.268276333165244,-0.103789043881997,-0.162956400243984
-3639.3264367156,3947.92344614716,3453.2740042278,-0.26827626298429,-0.103813640066025,-0.162962326771414
-3639.5947169125,3947.81961984564,3453.111038541,-0.268282527110611,-0.103838429626177,-0.162969203325588
-3639.86300008735,3947.71576875215,3452.94806636983,-0.268283903588891,-0.103863341852902,-0.162975614532451
-3640.1312861899,3947.61189286356,3452.78508771813,-0.268287753741421,-0.103888036206969,-0.162982105040959
-3640.39957525341,3947.50799218061,3452.62210258392,-0.268290186781483,-0.103912717125285,-0.1629884115182
-3640.66786726557,3947.40406670756,3452.45911097391,-0.268292902052278,-0.103937964237859,-0.162995311645986
-3640.93616219914,3947.30011644391,3452.29611289194,-0.268297768839443,-0.103962129255986,-0.163001395774745
-3641.20446011155,3947.19614138451,3452.13310832715,-0.268299064308938,-0.10398736367401,-0.163008111468266
-3641.47276092622,3947.09214153127,3451.97009729157,-0.268301591846045,-0.104012031881267,-0.163014412452377
-3641.74106469758,3946.98811688202,3451.80707977783,-0.26830284466224,-0.104036968491584,-0.163020826187943
-3642.00937138358,3946.88406744006,3451.64405579515,-0.268307880633666,-0.104061720898422,-0.163027507622844
-3642.27768102092,3946.77999319763,3451.48102533271,-0.268310257951409,-0.104086109725445,-0.163033510884005
-3642.54599358222,3946.67589416741,3451.31798840725,-0.268314084327913,-0.10411081515035,-0.163039999216928
-3642.81430906985,3946.57177034426,3451.15494501467,-0.26831780303063,-0.10413553879058,-0.163046491565623
-3643.08262747421,3946.46762171303,3450.99189514204,-0.268320246933126,-0.104160530464022,-0.163053096480424
-3643.35094880623,3946.36344829136,3450.82883880678,-0.2683239603462,-0.104185256499392,-0.163059588257169
-3643.6192730618,3946.25925007274,3450.66577600393,-0.268326608985654,-0.104210216747435,-0.163066184211272
-3643.8876002364,3946.15502705379,3450.50270673179,-0.268328970604538,-0.104234612216919,-0.163072185976821
-3644.15593032089,3946.05077923308,3450.33963099101,-0.268329211643171,-0.104260390528445,-0.163079303836822
-3644.42426330332,3945.94650661374,3450.17654878731,-0.268335211764696,-0.10428432229448,-0.163085276297108
-3644.69259920866,3945.84220919803,3450.01346012113,-0.268336540412614,-0.104309253590906,-0.163091682863002
-3644.96093800607,3945.73788697765,3449.85036498882,-0.268341726477279,-0.104334603299323,-0.163098959465068
-3645.22927972626,3945.63353995175,3449.68726338717,-0.268342765632509,-0.104358970514474,-0.163104771546795
-3645.49762435124,3945.52916813119,3449.52415533007,-0.268346457905152,-0.104383706092827,-0.163111261196934
-3645.7659718568,3945.42477150398,3449.3610408096,-0.268349122251179,-0.104408975350705,-0.163118156103124
-3646.03432228027,3945.32035007301,3449.19791982519,-0.268350295557339,-0.104433628685337,-0.163124264374221
-3646.30267557164,3945.21590383303,3449.03479237885,-0.268353942895029,-0.104458068010872,-0.163130452318256
-3646.5710317684,3945.11143279493,3448.87165847782,-0.268355468801257,-0.104483889484029,-0.163137755812199
-3646.83939085006,3945.00693694574,3448.70851811305,-0.2683601732474,-0.104508098662195,-0.163143838608762
-3647.10775280462,3944.90241628986,3448.54537129103,-0.268362645312801,-0.104532790525134,-0.163150134313327
-3647.3761176406,3944.79787082529,3448.38221801015,-0.268367628372512,-0.104557569057075,-0.16315681056912
-3647.64448538398,3944.69330055244,3448.21905826863,-0.268369953293623,-0.104581979847928,-0.163162808807706
-3647.91285599118,3944.58870547842,3448.05589207984,-0.26837249122426,-0.104607274717204,-0.163169705305602
-3648.18122947246,3944.48408558581,3447.89271942652,-0.268373785256316,-0.10463221972924,-0.163176108480523
-3648.44960581597,3944.37944087957,3447.72954031586,-0.268378579066829,-0.104656420091595,-0.163182185998357
-3648.71798503491,3944.27477136768,3447.56635475548,-0.268381108957102,-0.10468171834292,-0.163189081600848
-3648.98636710897,3944.17007703795,3447.4031627366,-0.26838359933088,-0.104706717908317,-0.163195676208345
-3649.2547520579,3944.06535790261,3447.23996427038,-0.26838721777654,-0.104731170453744,-0.163201861449853
-3649.52313987377,3943.96061394049,3447.07675933751,-0.268388498510269,-0.104756120754146,-0.163208263344118
-3649.79153053834,3943.8558451762,3446.91354796593,-0.26839214846942,-0.104780875428512,-0.163214748715912
-3650.05992405344,3943.75105158264,3446.75033012935,-0.268394449792752,-0.104805295919095,-0.163220744681078
-3650.32832043658,3943.64623319064,3446.58710585754,-0.268398272859269,-0.104830636549428,-0.163227827061835
-3650.59671965163,3943.54138996321,3446.4238751191,-0.268400747255864,-0.104855642855679,-0.163234420020878
-3650.86512172388,3943.43652192198,3446.26063793369,-0.268404245012122,-0.104880118502145,-0.16324060730267
-3651.1335266419,3943.33162906228,3446.09739429893,-0.268406819019176,-0.104905111114044,-0.163247196224113
-3651.40193439675,3943.22671138747,3445.93414422037,-0.268406913422055,-0.104930316535874,-0.163253704675687
-3651.67034499193,3943.12176888182,3445.77088768324,-0.268411570990234,-0.104954547796557,-0.163259782793971
-3651.93875839452,3943.01680155367,3445.60762470052,-0.268416509024388,-0.104979348336377,-0.163266454636118
-3652.20717467258,3942.91180940959,3445.44435527211,-0.268416453911399,-0.10500427274643,-0.16327266530842
-3652.47559375002,3942.80679243801,3445.28107939616,-0.268420255466199,-0.105029623137852,-0.163279745343874
-3652.74401567029,3942.7017506404,3445.11779707043,-0.268423698284574,-0.105053807034676,-0.163285630416098
-3653.01244039874,3942.59668401775,3444.95450830084,-0.268427316507233,-0.105078576034429,-0.163292112561672
-3653.28086797715,3942.49159257289,3444.79121308657,-0.268429869183686,-0.105103577881925,-0.163298699491104
-3653.54929835916,3942.38647629775,3444.62791142595,-0.268432172899249,-0.105128312354317,-0.163304992439332
-3653.81773154332,3942.28133518166,3444.46460330997,-0.268434578864372,-0.10515303224516,-0.163311281864319
-3654.08616755442,3942.17616925155,3444.30128876304,-0.268437196464213,-0.10517863715685,-0.16331846844763
-3654.35460636209,3942.07097848049,3444.13796776342,-0.268439597089268,-0.105203359278276,-0.163324757341216
-3654.62304799426,3941.96576287886,3443.97464031925,-0.268443021661576,-0.105227551217883,-0.163330640713301
-3654.89149241883,3941.8605224379,3443.81130642651,-0.268445275764686,-0.105251991195421,-0.163336632148417
-3655.15993962504,3941.7552571592,3443.64796608927,-0.268448872839502,-0.105276769602838,-0.163343112187354
-3655.42838963613,3941.64996704664,3443.48461930963,-0.268450309001823,-0.105302626979414,-0.163350405581245
-3655.69684243828,3941.54465208571,3443.32126607597,-0.268455173527617,-0.105327145680825,-0.163356773721265
-3655.96529801373,3941.43931228205,3443.15790639687,-0.268457312254386,-0.105351605420788,-0.163362767184609
-3656.23375639297,3941.33394763994,3442.99454027431,-0.268459694408421,-0.105376335304,-0.163369054352393
-3656.50221756443,3941.22855816176,3442.83116771288,-0.26846214652626,-0.105401665974643,-0.163375941266041
-3656.77068149133,3941.12314383174,3442.6677887025,-0.268464664480468,-0.105426682621013,-0.163382524915143
-3657.03914820941,3941.01770466845,3442.50440325828,-0.268467074914825,-0.105451715660968,-0.163389111264103
-3657.3076176916,3940.91224064228,3442.3410113554,-0.268470437151401,-0.105475619173785,-0.163394692265697
-3657.57608995563,3940.80675178517,3442.1776130242,-0.26847418767074,-0.105500992778102,-0.163401766798281
-3657.8445649909,3940.70123808084,3442.0142082511,-0.268475280987853,-0.105525990632188,-0.163408163516955
-3658.11304278832,3940.595699525,3441.85079703392,-0.26847998079097,-0.105550236107606,-0.16341423252527
-3658.38152334175,3940.49013612302,3441.68737937963,-0.268482518930929,-0.105575559550972,-0.163421114524948
-3658.65000668295,3940.3845478742,3441.52395528526,-0.268484877216518,-0.105600299472702,-0.163427399428463
-3658.91849276286,3940.27893477595,3441.36052475458,-0.268487164190643,-0.105625355365128,-0.163433986635525
-3659.18698159055,3940.17329681843,3441.19708777819,-0.268491853536781,-0.105649605885974,-0.163440054690192
-3659.45547316595,3940.06763402194,3441.03364437704,-0.268494203912875,-0.105674349168185,-0.163446338846219
-3659.72396751023,3939.9619463638,3440.87019452757,-0.268495455597088,-0.105699938918301,-0.163453330317898
-3659.99246461145,3939.85623386222,3440.70673824999,-0.268497800627805,-0.105724684309411,-0.163459613939605
-3660.26096443068,3939.7504964957,3440.54327552886,-0.268501488156118,-0.105749770177753,-0.163466385865652
-3660.5294670066,3939.6447342829,3440.37980637899,-0.268502554820737,-0.105774778100655,-0.163472779730199
-3660.79797232171,3939.53894720207,3440.21633078214,-0.268505919371497,-0.105798996303374,-0.163478657462667
-3661.06648035523,3939.43313527657,3440.05284876495,-0.268509703676724,-0.105824071005403,-0.163485426015423
-3661.33499115083,3939.32729849506,3439.88936031198,-0.26851196666324,-0.105849136608299,-0.163492010519436
-3661.60350464821,3939.22143684262,3439.72586541675,-0.268514295784118,-0.105873888643635,-0.163498292627202
-3661.87202087292,3939.11555034425,3439.56236410186,-0.26851786250176,-0.105898996452364,-0.163505065443855
-3662.14053984755,3939.00963897614,3439.39885634262,-0.268520186313481,-0.105923750725058,-0.16351134703581
-3662.40906152303,3938.90370275212,3439.23534215897,-0.268523711775385,-0.105948561025945,-0.163517819787249
-3662.67758591191,3938.79774166288,3439.07182154164,-0.268526030294541,-0.105973317529611,-0.163524100885095
-3662.94611304438,3938.69175571016,3438.90829448982,-0.268527177738073,-0.105998319925848,-0.163530489790242
-3663.21464286336,3938.5857448906,3438.74476100793,-0.268530695243097,-0.10602313368051,-0.163536961755604
-3663.48317540515,3938.47970921294,3438.58122110135,-0.268534174265175,-0.106047648759214,-0.16354313407706
-3663.75171065311,3938.37364866802,3438.41767476409,-0.268536553828209,-0.106073009459673,-0.163550012896079
-3664.02024859644,3938.26756324916,3438.25412199208,-0.26853871854392,-0.106097485958069,-0.163555995711139
-3664.28878926299,3938.16145297304,3438.09056279926,-0.268541161674026,-0.10612253450017,-0.163562572330594
-3664.55733260305,3938.05531782407,3437.92699717729,-0.268545870212777,-0.106147409669178,-0.163569234233141
-3664.82587865411,3937.9491578035,3437.76342512402,-0.268547991307673,-0.106171589534653,-0.163574917046602
-3665.09442739344,3937.84297291598,3437.59984664787,-0.268549188892496,-0.106197200011476,-0.163581902362115
-3665.3629788255,3937.73676315357,3437.43626174139,-0.268551621306033,-0.106222253075431,-0.163588477962129
-3665.63153294297,3937.63052852306,3437.27267041335,-0.268556143121609,-0.10624654759913,-0.163594542513547
-3665.9000897335,3937.52426901086,3437.10907265266,-0.268558570216286,-0.106271603020598,-0.163601117628192
-3666.1686492356,3937.41798463373,3436.94546847272,-0.268560925569122,-0.106296973677834,-0.16360799374363
-3666.43721138329,3937.31167537254,3436.78185786312,-0.268565403894907,-0.106320971982448,-0.163613758379367
-3666.70577622291,3937.20534124145,3436.61824083362,-0.268566654308277,-0.106346274689248,-0.16362044071107
-3666.97434372267,3937.09898222972,3436.45461737822,-0.268568930384647,-0.106371048781186,-0.163626717828561
-3667.2429139064,3936.99259834426,3436.29098750224,-0.268572303412948,-0.106395894233777,-0.163633187816194
-3667.511486751,3936.88618958658,3436.12735121078,-0.26857471444641,-0.106420956453943,-0.163639761420317
-3667.78006229083,3936.77975596255,3435.96370850671,-0.268577018107505,-0.10644603380523,-0.163646336741271
-3668.0486404856,3936.67329746124,3435.8000593851,-0.26857917888252,-0.106470826253924,-0.163652614742491
-3668.317221344,3936.56681408324,3435.63640384642,-0.268582750639375,-0.106495648387438,-0.163659079679588
-3668.58580485759,3936.46030582277,3435.47274188721,-0.268584765963877,-0.106520156944074,-0.163665060107802
-3668.85439104214,3936.35377269216,3435.30907351869,-0.268587023489943,-0.106544938670214,-0.163671335413823
-3669.12297987559,3936.24721468951,3435.14539874273,-0.268589594048067,-0.106570593638155,-0.163678503415932
-3669.39157136998,3936.14063179612,3434.98171754045,-0.268591706119441,-0.106595091430607,-0.163684481186678
-3669.66016549358,3936.03402403471,3434.81802993911,-0.268596364215164,-0.106619990136681,-0.163691137690292
-3669.92876226712,3935.92739138161,3434.65433591379,-0.268598751149436,-0.106645062544422,-0.163697709016986
-3670.1973616992,3935.82073385029,3434.49063547813,-0.268601884202345,-0.106669034409611,-0.163703281162942
-3670.46596378156,3935.71405143901,3434.3269286323,-0.268603167650977,-0.106694951829287,-0.163710557353958
-3670.73456847628,3935.60734413631,3434.16321537028,-0.268604377596421,-0.106720270365389,-0.163717235733042
-3671.00317583185,3935.50061195263,3433.99949569812,-0.268608847069174,-0.106744588944652,-0.163723295053897
-3671.27178579319,3935.3938548756,3433.83576961072,-0.268610976038973,-0.10676939414178,-0.163729569727901
-3671.54039839769,3935.28707291777,3433.67203711747,-0.268613206986584,-0.106794186806187,-0.163735842492993
-3671.80901360889,3935.18026606386,3433.50829820832,-0.268617773274468,-0.106818495491259,-0.163741899432437
-3672.07763145984,3935.07343433159,3433.34455289823,-0.268620069467585,-0.10684389034981,-0.163748768952107
-3672.34625303559,3934.96657878021,3433.18080229793,-0.268410529203161,-0.107094050913903,-0.163953071551767
-3672.61222991654,3934.85684545848,3433.01459073261,-0.263777418590675,-0.112135984888655,-0.168241209414333
-3672.87266537117,3934.74092067738,3432.8433887627,-0.257613999476625,-0.119193321538742,-0.173648714892724
-3673.12750237708,3934.61838655216,3432.66743465521,-0.252054449782129,-0.125940292299756,-0.178217418611746
-3673.37682661152,3934.48898896495,3432.48709103938,-0.246488644218425,-0.133048216892315,-0.182503538243419
-3673.62074825414,3934.35252916809,3432.302719742,-0.24188950097265,-0.139126716357038,-0.185879115116583
-3673.86696479122,3934.22238104772,3432.11732185239,-0.247966406621557,-0.123584131614973,-0.187592240433839
-3674.11825499245,3934.10707701504,3431.92898848175,-0.254917738453475,-0.106941803716519,-0.188604508820469
-3674.37684205994,3934.0082453364,3431.74039209486,-0.262340338946992,-0.0907487676567176,-0.188418236952679
-3674.64300029074,3933.92543362751,3431.55239107216,-0.270069607633685,-0.0748797078104706,-0.187414255550103
-3674.91706601329,3933.85836030864,3431.3658170584,-0.278147209721755,-0.059278957949344,-0.185570023964326
-3675.19930657421,3933.8067230681,3431.18139485567,-0.28652261234039,-0.0439896811920226,-0.182940035510452
-3675.49015839351,3933.77028942645,3431.0000964585,-0.295296148141565,-0.0289336011555123,-0.179404112559299
-3675.78993556116,3933.74876227635,3430.82272647929,-0.304375530031853,-0.0141927766562114,-0.17506490865418
-3676.09894741625,3933.74179750683,3430.65011932082,-0.313758579220392,0.00019229050593323,-0.169893910773377
-3676.41749256348,3933.74904084713,3430.48309828249,-0.323429050276769,0.0142161494573999,-0.163910140370061
-3676.74584679034,3933.77011315356,3430.32246581079,-0.333368503758122,0.0278460513271396,-0.157127445041819
-3677.08426764196,3933.80460611636,3430.16901524556,-0.343555643756043,0.0410541230196278,-0.149555480827803
-3677.43299567029,3933.8520842481,3430.02353144966,-0.353977495236368,0.0538126169119512,-0.14120245380864
-3677.79225433034,3933.91208445902,3429.88679096205,-0.36461165939146,0.066094500804764,-0.132076848151895
-3678.16224959833,3933.98411537145,3429.75956186541,-0.375443558698293,0.0778706359281162,-0.12218731623143
-3678.54316950199,3934.06765681009,3429.64260334869,-0.386455741272071,0.0891119209886864,-0.111542527972897
-3678.93518358548,3934.16215934893,3429.53666510902,-0.397627051077472,0.0997890745800062,-0.100153824389567
-3679.33844232113,3934.26704392133,3429.44248660391,-0.408940180056211,0.109872557890926,-0.088028714006534
-3679.7530763721,3934.38170120684,3429.36079621773,-0.420373617046681,0.119331596953759,-0.0751833648274696
-3680.1791939616,3934.50549359904,3429.29230494513,-0.431917337710412,0.128058854446013,-0.0615448016084888
-3680.61828832196,3934.64168437702,3429.23704682826,-0.452687607428847,0.159868418093409,-0.0500743021438669
-3681.08845396717,3934.84201292451,3429.18545352343,-0.485086840342034,0.241246297120522,-0.0580965678722588
-3681.58744847138,3935.12442113778,3429.11882331804,-0.513242681924895,0.323497218918571,-0.0744833783481236
-3682.11548371867,3935.48890807296,3429.03754358671,-0.543065224924292,0.405438344144592,-0.0876242841799378
-3682.67380641226,3935.9352624151,3428.94401140539,-0.573719022649699,0.48724946883211,-0.0991756471562119
-3683.26292404933,3936.46340616057,3428.8391956503,-0.604038014185874,0.569091055631488,-0.111364850725665
-3683.87883252184,3937.07370681788,3428.71556947416,-0.621577303833134,0.652306028321362,-0.147712276398703
-3684.49879239663,3937.76756263721,3428.53101302389,-0.615375701913997,0.734886773547059,-0.226324443581498
-3685.10560928025,3938.54149013091,3428.25738754651,-0.596397276615532,0.811619833798921,-0.323180964268089
-3685.68993727307,3939.38860210597,3427.88347478755,-0.571499194750363,0.881351949346256,-0.424992802426495
-3686.2481321303,3940.30245924342,3427.40796388348,-0.544591798250747,0.94534297060089,-0.525736892725623
-3686.77920476977,3941.27810319431,3426.83311955273,-0.517488777879449,1.00524394971062,-0.623496147537603
-3687.28346680766,3942.31215456291,3426.1622614342,-0.491089085276442,1.06232291020422,-0.717686769528878
-3687.76182819741,3943.40227627229,3425.39893675841,-0.465718820244379,1.11756366292591,-0.808520797056534
-3688.2153846298,3944.54703770289,3424.54628726667,-0.441533566549938,1.17166954578494,-0.896293123203509
-3688.64532207668,3945.74550784271,3423.60720966507,-0.418444368870867,1.22507831986573,-0.981522929451254
-3689.05269310593,3946.99718891075,3422.58400608475,-0.396443261910697,1.2781214549236,-1.06449288317805
-3689.43858108242,3948.30179414825,3421.47886213645,-0.375485281275486,1.3309699573461,-1.14542359869639
-3689.80397675142,3949.65919481526,3420.2936675154,-0.355451174185008,1.38374752344719,-1.22463481832519
-3690.14974865138,3951.06936617142,3419.03000670035,-0.336223333382341,1.43653798362514,-1.30240270499246
-3690.47664521573,3952.53234972648,3417.68919345329,-0.317631987726304,1.48937805280859,-1.37906842499869
-3690.78520105788,3954.04822257214,3416.27212604709,-0.299589698413605,1.54233803830568,-1.4548438841459
-3691.07601675174,3955.61713672804,3414.77976076865,-0.282163500789081,1.59547919777367,-1.52965928975999
-3691.34970600798,3957.23929016673,3413.21304021032,-0.265326664346591,1.64882413204304,-1.60357860285169
-3691.60683136352,3958.9148876042,3411.57280925038,-0.249017800030329,1.70236775546743,-1.6767125744257
-3691.84788368604,3960.64412001639,3409.85979481329,-0.233164021658981,1.75609307186803,-1.74917520593551
-3692.07328663136,3962.42716086535,3408.07461697105,-0.21770468447322,1.80998399976189,-1.82106337051494
-3692.28341582638,3964.26417071958,3406.21781976067,-0.202650171709595,1.86393986571523,-1.89227831020234
-3692.47905171658,3966.14832085405,3404.29636867239,-0.189068612351049,1.89687125579085,-1.9437205260841
-3692.662504696,3968.04866200338,3402.33962093952,-0.178329676050871,1.90046229152984,-1.96616061068101
-3692.83636707192,3969.94713458782,3400.36694340374,-0.169668686529132,1.89590212013212,-1.97822701955084
-3693.00231187808,3971.84025248987,3398.38418305469,-0.162504837280813,1.89017508051007,-1.98665136502899
-3693.16159310098,3973.72760432825,3396.39392985158,-0.156211001955299,1.88462751611559,-1.99365772255948
-3693.31487539337,3975.60966366874,3394.39699394749,-0.150479873375153,1.8796434447902,-2.00010837673231
-3693.46267308066,3977.48702408815,3392.39381762148,-0.14520132369813,1.87519206212359,-2.00617956817486
-3693.60536215403,3979.36012949204,3390.38471643295,-0.140227072960533,1.87107105779805,-2.01197240386122
-3693.74318899968,3981.22921541834,3388.36994274194,-0.135455517487915,1.86711088183393,-2.01752943705556
-3693.87632452389,3983.0943871627,3386.34971933707,-0.130835355877308,1.86322834839117,-2.02287556301435
-3694.00490995607,3984.95570840196,3384.32424953333,-0.126353643154,1.85941165724807,-2.02802676664344
-3694.12908267167,3986.81325139698,3382.2937226603,-0.122011448123884,1.85567862023313,-2.03299264296595
-3694.24898500596,3988.66710908309,3380.25832003456,-0.117814881361173,1.8520464652783,-2.03777900085852
-3694.36476358138,3990.51738799491,3378.21821951226,-0.113764232867951,1.84852306676747,-2.04238852246239
-3694.47656466307,3992.36419736686,3376.17359602849,-0.109859888231505,1.8451071765642,-2.04682538743533
-3694.58453114964,3994.20764350925,3374.12462077834,-0.106094211912412,1.84179544801005,-2.05109342032972
-3694.68879988433,3996.04782727161,3372.07145846359,-0.102462550827861,1.83858180177588,-2.05520085582634
-3694.78950108994,3997.88484446155,3370.01426594073,-0.0989576472527728,1.83546135969728,-2.05915598545759
-3694.88675859584,3999.71878669699,3367.95319194161,-0.0955739577596613,1.83243136161917,-2.06296563314481
-3694.9806904218,4001.54974203039,3365.88837761333,-0.0923065195707027,1.82948779678046,-2.0666376650067
-3695.07140936284,4003.3777952654,3363.81995731626,-0.0891474891123084,1.82662702488832,-2.0701787063627
-3695.15902343773,4005.20302810853,3361.74805930631,-0.0860965095961425,1.82384661117952,-2.07359441306742
-3695.24363618926,4007.02551927722,3359.67280619074,-0.0831442929907321,1.82114317422916,-2.07689024646411
-3695.32534688248,4008.84534459767,3357.59431520496,-0.080290608278924,1.81851409407186,-2.08007164992016
-3695.40425064448,4010.66257709034,3355.51269839961,-0.0775297378075819,1.81595716105955,-2.08314298729024
-3695.48043862027,4012.47728705755,3353.42806284854,-0.0748587958767086,1.81346910924174,-2.08610982133311
-3695.55399813949,4014.28954217414,3351.34051087838,-0.0722724336951753,1.81104733128788,-2.08897664016524
-3695.62501287172,4016.09940756648,3349.25014028567,-0.0697676088711651,1.80868899029539,-2.09174824897403
-3695.6935629751,4017.90694588838,3347.1570445426,-0.0673434951755803,1.80639285242769,-2.09442795833507
-3695.75972524748,4019.71221740527,3345.06131300353,-0.0649911786127955,1.80415507309157,-2.09702066853968
-3695.82357327523,4021.51528007996,3342.96303110238,-0.0627135270667566,1.80197441586055,-2.09952984227352
-3695.88517756769,4023.31618965387,3340.86228053163,-0.0605036377512153,1.79984856224165,-2.10195884850915
-3695.94460582029,4025.11499985847,3338.7591395326,-0.0583598313255372,1.79777504299813,-2.10431186888233
-3696.00165771246,4026.91183405829,3336.65314985966,-0.0545289382239746,1.79632465495435,-2.11019090530558
-3696.05156551211,4028.70793912143,3334.53476264402,-0.0450853787031202,1.79549250387367,-2.12662220338844
-3696.09193870486,4030.50200002132,3332.400771805,-0.0357525926686546,1.7920158552015,-2.14069644387409
-3696.12326488806,4032.29134114481,3330.25423166336,-0.026990961493482,1.78601747648785,-2.15168988759305
-3696.14605322247,4034.07354945601,3328.09802170759,-0.0186184112707235,1.77784454764828,-2.16021668744128
-3696.16192096067,4035.84444573906,3325.93850946248,-0.0135063391946755,1.76349364856348,-2.15772001913335
-3696.17324088202,4037.60077847504,3323.78269402277,-0.00906661914167265,1.74940944827619,-2.15421493291732
-3696.17983347546,4039.34485106317,3321.62839133165,-0.00398707830736115,1.73951779236836,-2.15526093354637
-3696.18110291079,4041.08079039785,3319.47117466736,0.00150811071756816,1.73261025421461,-2.1594797353614
-3696.17681558812,4042.81025468287,3317.30927694436,0.00709332473202845,1.72632581690684,-2.16436582731642
-3696.16693656412,4044.53348837691,3315.14243770362,0.0126893048372189,1.72012968090871,-2.16934292660987
-3696.15145912314,4046.25053646149,3312.970609428,0.0182851954312378,1.71393200710503,-2.1743183969665
-3696.13039540888,4047.96132072772,3310.79387860878,0.0238574220074916,1.70757843451143,-2.17912127825329
-3696.10377510477,4049.66565561885,3308.61245045298,0.0294033131188701,1.70103195824694,-2.18371991944625
-3696.07323821481,4051.36525381659,3306.42782565013,0.0274453032330098,1.70299453832588,-2.18194701506939
-3696.05706595481,4053.08082708705,3304.2556865457,0.00582068620301402,1.72705883839887,-2.16308742951153
-3696.05769578928,4054.81495443328,3302.09827643107,-0.00501426745620739,1.73890875954422,-2.15354004930502
-3696.064729528,4056.55606961858,3299.94653254949,-0.00888195606851363,1.74313504142076,-2.15009668584085
-3696.07543949859,4058.30119995115,3297.79806742323,-0.0125235132592195,1.74710740114087,-2.14684416691491
-3696.08977719378,4060.05021788936,3295.65289943523,-0.0161924515453317,1.75032875353579,-2.1429312908802
-3696.1079295469,4061.8000810639,3293.51383782335,-0.0200945629291355,1.7490743168517,-2.13496058578273
-3696.12994952713,4063.54827243134,3291.38302463584,-0.0239239646203347,1.74723755076983,-2.12664660963734
-3696.15574719686,4065.29451795764,3289.26052130828,-0.0276284647711821,1.74532313691533,-2.11849363799353
-3696.18511461875,4067.03953704932,3287.14537011654,-0.0310402584772184,1.74540569906079,-2.11248871750882
-3696.21777378553,4068.78598011249,3285.03491806283,-0.034260273711634,1.74801173584135,-2.10887947680447
-3696.25362883819,4070.5358428925,3282.9273699468,-0.0374528127838429,1.75179817650053,-2.10628015210296
-3696.29267775429,4072.28957913249,3280.82235240948,-0.0406410786304769,1.75566064390324,-2.10375093208059
-3696.33490460175,4074.04713312272,3278.71988172235,-0.043800276335641,1.75940147147897,-2.10117522969125
-3696.38026642875,4075.80835154704,3276.62000538838,-0.0469039948730948,1.76299704307697,-2.09858090192587
-3696.42869665655,4077.57310789364,3274.52270701482,-0.0499327414333778,1.76649303255778,-2.09603981349449
-3696.4801182468,4079.34125691363,3272.42796681005,-0.0529238038727025,1.76910175538404,-2.09284516963573
-3696.53459000067,4081.10923902858,3270.33878261064,-0.05598070197641,1.7665226392089,-2.08531657781798
-3696.59204621712,4082.87420207985,3268.25735530667,-0.0588895481126425,1.76332748815557,-2.07755164213668
-3696.65233618865,4084.63585599053,3266.18365145896,-0.0616425951959911,1.75993841413381,-2.06990740766273
-3696.71529663933,4086.39405305901,3264.1174994131,-0.0642291353282319,1.75642659796597,-2.0624608889784
-3696.78075918216,4088.14868809109,3262.05868384072,-0.0666463856051204,1.75282052259955,-2.0552401791874
-3696.84855421109,4089.89967508396,3260.00697168141,-0.0688942460927058,1.74913306982878,-2.04825587208226
-3696.91851194997,4091.64693589459,3257.96212324999,-0.0709709073996794,1.7453688591525,-2.04151487297598
-3696.99045983495,4093.39039485743,3255.92389195951,-0.072874129668592,1.74153006385338,-2.03502285648064
-3697.06422404219,4095.12997861842,3253.89202718357,-0.074603719777064,1.73761922753171,-2.02878214957703
-3697.13963137649,4096.86561647125,3251.86627734878,-0.0761608367223357,1.73363899764977,-2.02279275516895
-3697.21651022621,4098.59724032946,3249.84639165627,-0.0775473733800844,1.72959196025529,-2.01705332012709
-3697.29469113776,4100.32478465844,3247.8321211605,-0.0787657049593298,1.72548064020304,-2.01156158420126
-3697.37400722892,4102.04818642352,3245.82321954367,-0.0798185734538304,1.72130751867758,-2.00631460050209
-3697.45429451714,4103.76738505306,3243.81944373091,-0.0807090215290659,1.71707504100163,-2.00130885990691
-3697.53539219602,4105.48232240206,3241.82055440643,-0.0814403450746252,1.7127856159058,-1.99654037521841
-3697.6171428672,4107.19294271461,3239.8263164569,-0.0820160545341248,1.70844161105497,-1.9920047465935
-3697.69939273739,4108.89919257939,3237.8364993544,-0.0824398389545531,1.70404534632777,-1.98769722025501
-3697.78199177938,4110.6010208785,3235.85087748219,-0.0827155325327386,1.69959908725619,-1.98361274284482
-3697.86479386251,4112.29837873022,3233.86923040947,-0.0828470854623467,1.69510504032543,-1.97974600959929
-3697.94765685433,4113.99121942857,3231.89134312012,-0.0828385373745756,1.69056534853242,-1.97609150808564
-3698.03044269841,4115.67949837586,3229.91700620107,-0.0826939935714993,1.68598208122626,-1.97264355230336
-3698.11301746871,4117.36317300225,3227.94601600209,-0.0824176028641001,1.68135722924357,-1.96939631819879
-3698.19525140153,4119.04220269662,3225.97817474626,-0.0820135359848569,1.67669272305618,-1.96634389680131
-3698.27701890967,4120.71654874284,3224.01329060224,-0.0814859844664392,1.671990272326,-1.96348016612914
-3698.35819857641,4122.38617428061,3222.0511777039,-0.0808390805524907,1.66725202019284,-1.96079946411777
-3698.43867314318,4124.05104419996,3220.09165621003,-0.080076984424902,1.66247952283556,-1.95829560603231
-3698.51832947714,4125.71112510054,3218.13455227727,-0.0792038034139148,1.65767444977078,-1.95596259595995
-3698.59705853168,4127.36638521827,3216.1796980454,-0.0782235992236326,1.65283840502082,-1.9537944688859
-3698.6747552984,4129.01679432966,3214.22693162844,-0.0771404067283365,1.6479726125985,-1.95178500233292
-3698.75131873641,4130.66232381831,3212.27609693033,-0.075958111735967,1.64307921732732,-1.94992898782096
-3698.82665172492,4132.30294642026,3210.32704376622,-0.0746806233350303,1.63815928920741,-1.94822030704643
-3698.90066098302,4133.93863627876,3208.3796276708,-0.0733117411101855,1.63321418919849,-1.94665327477502
-3698.97325699298,4135.56936889213,3206.43370980437,-0.0718551946755643,1.62824522538781,-1.94522228984411
-3699.04435392629,4137.19512103423,3204.4891568803,-0.0703146318818425,1.62325365509067,-1.94392185772013
-3699.11386959624,4138.81587039935,3202.54584136773,-0.0686937048496068,1.61823980040653,-1.94274572121178
-3699.18172534249,4140.43159556736,3200.60364131244,-0.0669957992584963,1.61320554906278,-1.94168936679581
-3699.24784599163,4142.04227584354,3198.66244039345,-0.0652244344465319,1.60815068930723,-1.94074634568105
-3699.31215975036,4143.647891107,3196.72212785429,-0.0633828619506653,1.60307667763293,-1.93991203773037
-3699.37459799306,4145.24842322026,3194.78259698099,-0.0614744028028169,1.59798402185906,-1.93918093390157
-3699.43509541277,4146.84385387952,3192.84374711041,-0.0595020936542016,1.59287434803267,-1.93854893718247
-3699.49358966259,4148.43416705762,3190.90548101162,-0.0574689401058433,1.58774949239016,-1.93801217804098
-3699.55002139215,4150.0193483518,3188.9677054786,-0.0553779160379905,1.58261091452504,-1.93756654022809
-3699.60433419773,4151.5993846752,3187.03033148769,-0.0532319366587204,1.5774598131038,-1.93720780221727
-3699.65647455526,4153.1742640557,3185.09327424171,-0.0510338433565213,1.5722972563885,-1.93693176970234
-3699.70639174367,4154.74397555561,3183.15645309514,-0.0487863975518023,1.56712428827057,-1.93673437229574
-3699.75403786718,4156.30850935949,3181.2197915222,-0.0464927183701697,1.56194230537885,-1.93661119414183
-3699.79936847558,4157.86785736579,3179.28321773273,-0.0441564231869117,1.55675314625955,-1.93655729764025
-3699.84234263082,4159.42201313959,3177.34666482499,-0.0417806480750047,1.55155805887712,-1.93656812129544
-3699.88292222745,4160.97097117853,3175.41007017753,-0.0393680462917866,1.5463578084967,-1.93663956939183
-3699.92107167647,4162.51472664352,3173.4733751025,-0.0369210470906331,1.54115302272519,-1.93676783305043
-3699.95675775339,4164.05327527938,3171.53652464203,-0.034441977061976,1.53594421430609,-1.93694919387955
-3699.9899495122,4165.58661340886,3169.59946741693,-0.0319330698489121,1.53073206638846,-1.93718023752932
-3700.02061822774,4167.11473792398,3167.66215553199,-0.0293965280514664,1.52551710442232,-1.93745747863958
-3700.04873734717,4168.63764630174,3165.72454447387,-0.0268345024185213,1.52029991500996,-1.93777757468515
-3700.07428244748,4170.15533660981,3163.78659303158,-0.0242491038633461,1.51508109177641,-1.93813726087441
-3700.0972311984,4171.66780751262,3161.84826322251,-0.0216424072165268,1.50986123493124,-1.93853334311675
-3700.11756332728,4173.17505827835,3159.90952022484,-0.0190164543958857,1.50464095113715,-1.93896269227267
-3700.13526058961,4174.67708877393,3157.97033232707,-0.01637327137109,1.49942074652108,-1.9394221276207
-3700.15030673437,4176.1738995167,3156.03067082301,-0.0137148153760264,1.49420145451462,-1.93990885609509
-3700.16268748688,4177.66549161752,3154.0905100274,-0.0110430624054805,1.48898359365909,-1.94041979829181
-3700.17239052216,4179.15186682457,3152.14982719026,-0.0083599488338739,1.48376781125831,-1.94095205039965
-3700.17940544363,4180.63302753531,3150.20860244989,-0.00566739689854456,1.47855474955553,-1.94150273092578
-3700.18372376756,4182.10897679683,3148.26681880176,-0.0029673110098682,1.47334506608985,-1.94206900365466
-3700.18533890693,4183.57971832003,3146.32446205971,-0.000261582332647072,1.46813943009609,-1.94264806662635
-3700.18424618004,4185.04525637401,3144.38152095197,0.00244785549944493,1.46293816769011,-1.94323676696952
-3700.18044281867,4186.50559559586,3142.43798729068,0.0051591469611205,1.45774198659665,-1.94383239955282
-3700.17392793053,4187.96074122362,3140.49385571378,0.00787038497663765,1.45255128576379,-1.94443192011705
-3700.16470245249,4189.41069940688,3138.54912335194,0.0105797917736087,1.44736736497246,-1.94503324199367
-3700.15276917276,4190.85547716978,3136.60378989424,0.0132854455838125,1.44219064900625,-1.94563331875878
-3700.1381327591,4192.29508222252,3134.65785779074,0.0159854994727622,1.43702207333,-1.94622964995069
-3700.12079976355,4193.72952296503,3132.71133225559,0.0186780810168172,1.43186236319608,-1.94681952173855
-3700.10077860711,4195.15880863534,3130.76422111816,0.0213612752723989,1.4267121741249,-1.94740009025703
-3700.07807960329,4196.58294924557,3128.81653491654,0.024033223692796,1.42157249112606,-1.94796887874838
-3700.05271489443,4198.00195606721,3126.86828638995,0.0266920791117801,1.41644460063197,-1.94852367537763
-3700.02469860006,4199.41584094656,3124.91949129376,0.0293358266409214,1.411328798988,-1.94906117420857
-3699.99404683273,4200.82461618759,3122.9701685188,0.0319624893392655,1.40622570782321,-1.94957840028704
-3699.96077762514,4202.22829506137,3121.02033955166,0.034570154072275,1.40113645491378,-1.95007290148935
-3699.92491095212,4203.62689194104,3119.07002840192,0.0371568444551927,1.39606203551919,-1.95054200862925
-3699.88646876368,4205.02042231922,3117.11926164551,0.0397205817633358,1.39100365682428,-1.95098322097514
-3699.84547503589,4206.40890269746,3115.16806860084,0.042259313082368,1.38596226131351,-1.95139369475416
-3699.80195579298,4207.79235063742,3113.21648132775,0.0447709894318407,1.38093899909687,-1.95177076226252
-3699.75593914564,4209.17078475165,3111.2645346977,0.0472534999061769,1.37593488853961,-1.95211154183874
-3699.70745532274,4210.54422473522,3109.31226642434,0.049704707907225,1.37095102346579,-1.952413169042
-3699.65653670769,4211.91269139191,3107.35971710517,0.0521224398345258,1.36598852811582,-1.95267274039131
-3699.60321787698,4213.27620666617,3105.40693026058,0.0545044832451595,1.36104856089869,-1.95288731319056
-3699.54753565709,4214.63479359359,3103.45395247413,0.0568485316597484,1.35613203688037,-1.95305358440263
-3699.489529236,4215.98847592862,3101.5008338859,0.0591522490928558,1.35123987658419,-1.9531682051054
-3699.42924010665,4217.33727865384,3099.54762768203,0.06141323907613,1.34637305383132,-1.95322776471922
-3699.36671216226,4218.6812277874,3097.59439041411,0.0636291896666008,1.34153313811729,-1.95322948393348
-3699.30199161451,4220.0203511,3095.64118127753,0.0657977123774614,1.33672174398633,-1.95317048685937
-3699.23512712847,4221.3546778398,3093.68806256586,0.0679163099085077,1.33194026249082,-1.9530475275474
-3699.16616989846,4222.68423857137,3091.73509993537,0.069982457049169,1.32719015672635,-1.95285737085441
-3699.09517358189,4224.00906577604,3089.78236180053,0.0719937185140896,1.32247365950085,-1.9525975627475
-3699.02219431944,4225.32919414223,3087.82991913383,0.0739475812786257,1.31779301990238,-1.95226552738449
-3698.94729494274,4226.64466249752,3085.87785127057,0.0758287752911979,1.31315436324481,-1.95183949149677
-3698.8705545272,4227.95551135368,3083.92626460921,0.0776390212141387,1.30854950332969,-1.95131586298249
-3698.79202859145,4229.2617687123,3081.97523441157,0.079395395697349,1.3039752939142,-1.95072200084754
-3698.71177709357,4230.56347142118,3080.02483655291,0.0810879132798382,1.29944156047466,-1.95004837570364
-3698.62987746161,4231.8606666681,3078.07516912136,0.0826884224582502,1.29495987787064,-1.94925508026753
-3698.54641638422,4233.15339935973,3076.12634823828,0.0842173698863929,1.29051402363557,-1.94836481269258
-3698.46145664862,4234.44170432738,3074.17845631731,0.0856811807297184,1.28610790288575,-1.94739198707476
-3698.37507940194,4235.72562947057,3072.23159733105,0.0870467065008092,1.28175575772445,-1.94629011654947
-3698.28738232683,4237.00522616473,3070.28590135833,0.088329662906321,1.27744722303974,-1.94507835276369
-3698.19843554613,4238.28053430891,3068.34145950171,0.0895405738132823,1.27318164286225,-1.94377459825005
-3698.10831953932,4239.55159822821,3066.39837739376,0.0906658106001312,1.26896088058575,-1.94235653176741
-3698.01712342009,4240.81846568477,3064.4567729732,0.0916992998434051,1.26478943272491,-1.94081718522128
-3697.92494096726,4242.0811886248,3062.51676893437,0.0926372340767702,1.26067200399809,-1.93915372490212
-3697.83186985827,4243.33982092244,3060.57849320742,0.0934756847043961,1.25660900433851,-1.93735963826017
-3697.73801111942,4244.59441862571,3058.64207779417,0.0942114619555396,1.25260292267467,-1.93543138644006
-3697.64346910988,4245.84503918496,3056.70765936273,0.0948412882692049,1.24865514727979,-1.93336439041262
-3697.54835139419,4247.09174162165,3054.77537888497,0.0953619615770744,1.24476713566456,-1.93115426142887
-3697.45276870862,4248.33458641589,3052.8453816663,0.0957702584011706,1.24094001683591,-1.92879631044851
-3697.35683489971,4249.57363550583,3050.91781723629,0.0960632340945376,1.23717578548516,-1.92628703749613
-3697.26066688893,4250.80895214726,3048.99283939809,0.0962377852508443,1.23347546968204,-1.92362188684442
-3697.16438458959,4252.0406008903,3047.07060609851,0.0962909596784293,1.22984031541998,-1.92079674564755
-3697.0681108235,4253.26864748171,3045.15127936037,0.0962198977209742,1.22627146876825,-1.91780758464726
-3696.97197121814,4254.49315876593,3043.23502517849,0.0960218529288629,1.22276997304118,-1.91465049201516
-3696.87609315507,4255.71420190508,3041.3220123058,0.0956969614091767,1.21933486647998,-1.91132498887319
-3696.78060350281,4256.93184300473,3039.41240939085,0.0952451541013014,1.21596572323878,-1.9078306694726
-3696.68562943331,4258.14614805448,3037.50638564736,0.094665416083848,1.212662872271,-1.90416608089675
-3696.59129955297,4259.35718352851,3035.60411235146,0.0939563673041899,1.20942664754725,-1.90032913574156
-3696.49774386259,4260.56501617029,3033.70576294319,0.0931166609994137,1.20625723236706,-1.89631768431535
-3696.40509363848,4261.76971281387,3031.81151296221,0.0921451189933504,1.20315462026044,-1.89212971988751
-3696.31348122667,4262.97134018761,3029.92153984386,0.0910407940159634,1.20011860544746,-1.88776347990889
-3696.22303979123,4264.16996471254,3028.03602264227,0.0898029918232803,1.19714872854286,-1.88321744074238
-3696.13390303493,4265.36565229365,3026.15514170811,0.0884313488593547,1.19424446092549,-1.8784906019256
-3696.04620489609,4266.55846810439,3024.27907833241,0.0869257765566948,1.19140491440778,-1.87358215438764
-3695.96007922565,4267.74847636287,3022.40801436106,0.0852865317921351,1.18862901919471,-1.8684917468894
-3695.87565944437,4268.93574010098,3020.54213178202,0.0835142236500209,1.185915470697,-1.86321945465427
-3695.79307818132,4270.12032092667,3018.68161228585,0.0816098303117619,1.18326272404715,-1.85776580415492
-3695.71246689805,4271.30227878122,3016.82663680317,0.079574713439583,1.18066899068864,-1.85213179517159
-3695.63395549738,4272.48167169469,3014.97738502053,0.0774106320850451,1.17813223556724,-1.84631892248715
-3695.55767192037,4273.6585555379,3013.13403487494,0.0751197548931439,1.17565017615873,-1.84032919606836
-3695.48374173041,4274.83298377626,3011.29676202953,0.0727046696406528,1.17322028385886,-1.83416515847759
-3695.41228769157,4276.00500722407,3009.46573933322,0.0701683902959253,1.17083978746279,-1.82782989962803
-3695.34342933863,4277.17467380534,3007.64113626695,0.0675143613787162,1.16850567884934,-1.82132706858939
-3695.27728254638,4278.34202831993,3005.82311837989,0.0647464590327113,1.16621472120425,-1.81466088169354
-3695.21395909781,4279.5071122205,3004.01184671948,0.0618689887762813,1.16396345964392,-1.80783612677072
-3695.15356625789,4280.66996339993,3002.20747725922,0.0588866798502478,1.16174823419625,-1.80085816334565
-3695.0962063531,4281.83061599424,3000.41016032833,0.0558046760182725,1.15956519511934,-1.79373291852906
-3695.0419763636,4282.98910020063,2998.62004004785,0.0526285227335391,1.15741032047816,-1.78646687839579
-3694.99096752853,4284.14544211545,2996.83725377756,0.049364150634399,1.15527943585774,-1.77906707469001
-3694.94326497078,4285.2996635921,2995.06193157872,0.0460178551874736,1.15316823618134,-1.77154106652155
-3694.89894734387,4286.45178212154,2993.29419569749,0.0425962730671848,1.15107230904098,-1.76389691760819
-3694.85808650267,4287.601810738,2991.53416007316,0.0391063553868251,1.14898715938108,-1.75614316914052
-3694.82074720481,4288.74975794808,2989.781929876,0.0355553485882063,1.1469082809867,-1.74828886374251
-3694.78698684167,4289.89562768867,2988.0376010794,0.0319507155583963,1.1448309981133,-1.74034328002058
-3694.75685520579,4291.03941931035,2986.30126007054,0.0283001698627052,1.142750776692,-1.73231624277552
-3694.73039429048,4292.18112760312,2984.57298328744,0.0246116532517342,1.14066334893326,-1.72421818388447
-3694.70763814626,4293.32074278056,2982.85283698472,0.020893044696959,1.13856358539686,-1.71605872621656
-3694.68861273274,4294.4582506814,2981.14087682049,0.0171525860505415,1.13644769926024,-1.70784920133693
-3694.67333589795,4295.59363260731,2979.4371479548,0.0133984034763326,1.13431108622047,-1.69960007495093
-3694.66181714621,4296.72686637981,2977.74168379994,0.00963893547974563,1.13215098015992,-1.69132383211562
-3694.65405661739,4297.85792601288,2976.05450438576,0.0058846769994622,1.12995972171002,-1.68303289046598
-3694.65004491123,4298.98677897406,2974.37561828185,0.00214225672821495,1.12773947543316,-1.67474024212355
-3694.64976837942,4300.11339781074,2972.705022996,-0.00158322379281445,1.12548777822176,-1.66645259951499
-3694.65320578945,4301.23774633498,2971.04270978614,-0.00528312944730485,1.12319763453402,-1.65817947994524
-3694.6603275652,4302.35978329998,2969.38865939272,-0.00894971539131807,1.12086331687376,-1.64992979110475
-3694.67109657937,4303.47946237445,2967.74284348801,-0.0125753585210956,1.11848135683524,-1.64171401500066
-3694.68546812306,4304.59673487649,2966.10522244451,-0.0161527003850711,1.1160495301288,-1.63354315943353
-3694.703390451,4305.71154945168,2964.47574655265,-0.0196749927715379,1.11356462565492,-1.62542636644932
-3694.72480524997,4306.82385142988,2962.85435736309,-0.0231357744364076,1.11102365551906,-1.6173724521785
-3694.74964787011,4307.93358346212,2961.24098758002,-0.0265288544745734,1.10842420927035,-1.60939022222373
-3694.77784755674,4309.04068639963,2959.63556076351,-0.029848117436919,1.10576573866209,-1.60148984555707
-3694.80932745544,4310.14510186048,2958.03798927443,-0.0330876961467278,1.1030492883314,-1.59368233726082
-3694.84400520966,4311.24677196066,2956.44817553659,-0.0362425015523453,1.10027436838404,-1.58597611932847
-3694.88179379599,4312.34563710231,2954.86601527346,-0.0393080635033621,1.09743909166761,-1.57837740859007
-3694.92260156173,4313.44163613899,2953.29139744346,-0.0422777017519623,1.09453967422459,-1.57089473467325
-3694.96632331122,4314.53469520421,2951.72419773903,-0.0451263432739471,1.09154942514942,-1.56355016234353
-3695.01282291135,4315.62470851541,2950.1642638033,-0.0478273690569965,1.08844379151849,-1.55637014991384
-3695.06194456251,4316.71155533849,2948.61142118838,-0.0503681427413726,1.08521606883689,-1.54937120035628
-3695.11352493636,4317.79511353219,2947.065483561,-0.0527440513957875,1.08186731614484,-1.54256211229912
-3695.16739823954,4318.87526350608,2945.52625832514,-0.0549539202608638,1.07840071611733,-1.53594741545509
-3695.22339846715,4319.95188930801,2943.99354966119,-0.0569981637794073,1.07482011150728,-1.52952940828159
-3695.28136053895,4321.02487891667,2942.46716026796,-0.0588780764544791,1.071129485716,-1.52330897338898
-3695.3411209863,4322.09412432682,2940.9468924851,-0.060595526966864,1.06733287475651,-1.51728603887072
-3695.4025184411,4323.15952158196,2939.43254911692,-0.0621528184767854,1.06343433441811,-1.51145979507638
-3695.46539402595,4324.22097078391,2937.92393410038,-0.063552610666251,1.05943792114438,-1.5058288150355
-3695.52959168175,4325.27837608438,2936.42085307876,-0.0647978658763199,1.055347673821,-1.50039113368106
-3695.59495844683,4326.33164565875,2934.92311390716,-0.065891805403859,1.05116759555085,-1.49514430935905
-3695.66134469678,4327.38069166094,2933.43052710161,-0.0668378710254299,1.04690163648267,-1.49008547706105
-3695.72860434631,4328.4254301631,2931.94290623758,-0.0676396900180122,1.04255367848318,-1.48521139702537
-3695.79659501895,4329.46578107982,2930.46006830157,-0.0683010430879461,1.03812752195374,-1.48051849997699
-3695.86517818479,4330.50166808134,2928.98183399925,-0.0688258352153123,1.03362687344971,-1.47600292791741
-3695.93421927191,4331.53301849262,2927.50802802592,-0.0692180690677328,1.02905533489926,-1.47166057171048
-3696.00358775055,4332.5597631872,2926.03847929678,-0.0694818197858476,1.02441640160985,-1.46748711332452
-3696.07315719443,4333.58183647974,2924.57302113626,-0.0696212130410635,1.01971345891233,-1.46347806127496
-3696.14280532125,4334.59917601313,2923.11149143663,-0.0696404100134416,1.01494975528767,-1.45962875513478
-3696.21241401528,4335.6117226419,2921.65373278844,-0.0695435739920986,1.01012848792419,-1.45593449227441
-3696.28186933474,4336.61942031372,2920.19959258493,-0.0693348802038448,1.00525266786492,-1.45239040242975
-3696.35106150258,4337.62221595052,2918.74892310056,-0.0690184841440332,1.00032520952562,-1.44899157459174
-3696.41988488568,4338.62005932901,2917.30158154645,-0.0685985144487758,0.99534890928562,-1.44573305214532
-3696.48823796226,4339.61290296416,2915.85743010653,-0.0680790631818872,0.990326447475184,-1.44260985128866
-3696.55602328161,4340.60070199378,2914.41633595621,-0.067464177467927,0.985260390846726,-1.43961697749744
-3696.62314741475,4341.58341406692,2912.97817126552,-0.0667578524484382,0.980153195512967,-1.4367494400609
-3696.68952090005,4342.56099923422,2911.54281318873,-0.0659640254775975,0.97500721027488,-1.43400226477567
-3696.75505818237,4343.53341984296,2910.11014384204,-0.0650865714521151,0.969824680254632,-1.43137050491216
-3696.81967754895,4344.50064043496,2908.68005027129,-0.0641292991681102,0.964607750755391,-1.4288492505788
-3696.88330106166,4345.46262764892,2907.25242441088,-0.063095948600066,0.959358471279547,-1.42643363661163
-3696.94585448868,4346.41935012036,2905.82716304264,-0.0619902152843546,0.954078660459731,-1.42411869179712
-3697.00726722763,4347.3707784168,2904.40416771299,-0.0608156463487092,0.948770456059544,-1.42189996068117
-3697.06747224038,4348.31688491464,2902.98334471709,-0.059575784834121,0.943435538982211,-1.41977263020332
-3697.126405976,4349.25764374291,2901.56460500657,-0.0582740877056127,0.93807559390699,-1.41773204168957
-3697.18400829924,4350.19303070086,2900.14786413234,-0.0569139356074557,0.932692253511011,-1.41577362907613
-3697.24022242467,4351.12302316211,2898.73304220215,-0.0554986519206645,0.927286987957039,-1.41389279710585
-3697.29499482935,4352.04760009373,2897.32006371459,-0.0540314893409037,0.921861298980678,-1.41208510041762
-3697.34827520934,4352.96674185975,2895.90885763759,-0.0525155525664028,0.916416902289095,-1.41034652363477
-3697.40001639672,4353.88043024508,2894.49935724524,-0.0509539917667674,0.91095496837171,-1.40867253694166
-3697.4501743598,4354.78864808909,2893.09150040824,-0.04935001011043,0.905475989064869,-1.40705797601049
-3697.49870810095,4355.69137923251,2891.68522946067,-0.0477064269952261,0.899981881624534,-1.40549948684283
-3697.5455796564,4356.58860835316,2890.2804913261,-0.0460263774653249,0.894472704649237,-1.40399167923611
-3697.59075379884,4357.48032189944,2888.87723625475,-0.0443124390389883,0.888951054918922,-1.40253216680844
-3697.63419818456,4358.36650737891,2887.47541864516,-0.042567696477255,0.883416739653638,-1.40111544865543
-3697.6758834914,4359.24715216899,2886.07499823645,-0.0407949733473878,0.877870357920377,-1.39973711269383
-3697.71578294579,4360.12224533318,2884.67593783149,-0.0389967316571568,0.872314013737464,-1.39839458204789
-3697.7538722979,4360.99177781257,2883.27820309668,-0.0371755233870069,0.866749402578606,-1.39708479808857
-3697.79012986629,4361.85574208184,2881.88176291547,-0.0353339205386598,0.861177931285677,-1.39580443754112
-3697.82453654034,4362.71413191127,2880.48658957988,-0.0334744860545745,0.855600810203983,-1.39455003669949
-3697.85707576232,4363.56694220716,2879.09265888872,-0.0315997618420309,0.850019116672036,-1.3933180630871
-3697.88773350482,4364.41416890146,2877.69995019206,-0.0297122642893594,0.844433836700458,-1.39210495665645
-3697.91649824281,4365.25580887711,2876.30844640495,-0.0278144832340982,0.838845891735875,-1.3909071530441
-3697.94336092865,4366.09185991199,2874.91813400415,-0.0259088826003511,0.833256155716253,-1.38972109614543
-3697.96831496567,4366.92232063868,2873.52900301596,-0.0239979018583875,0.827665465947036,-1.38854324430621
-3697.99135618547,4367.74719051098,2872.14104700013,-0.0220839578231891,0.822074630033823,-1.38737007276349
-3698.01248282547,4368.56646977755,2870.75426303258,-0.0201694467978616,0.816484430498476,-1.38619807363183
-3698.03169551029,4369.3801594577,2869.36865168944,-0.0182567634270601,0.810895567274155,-1.38502367721036
-3698.04899733806,4370.1882609047,2867.98421754547,-0.0163484945840829,0.805307815878038,-1.3838422418764
-3698.06439397475,4370.99077520524,2866.60096981798,-0.0144470318975753,0.799721504937524,-1.38264990829404
-3698.07789330398,4371.78770440937,2865.21892077207,-0.0125545509730471,0.794137842620314,-1.38144389724602
-3698.08950545525,4372.57905157609,2863.83808573402,-0.0106733767324625,0.788557522659931,-1.38022076070803
-3698.09924296583,4373.36482010544,2862.45848390161,-0.0088059147473582,0.782980824605934,-1.37897658070219
-3698.10712060245,4374.14501428209,2861.08013760184,-0.00695431830962444,0.77740894103427,-1.3777086084504
-3698.11315532688,4374.9196394588,2859.70307208062,-0.00512072352670469,0.771843165655448,-1.37641420738009
-3698.11736616048,4375.68870259095,2858.3273148407,-0.0033071976638326,0.766285139088444,-1.37509113940671
-3698.1197782367,4376.45221283526,2856.9529020555,-0.0015241117223135,0.760736452541414,-1.37372299143991
-3698.12041944998,4377.21017689668,2855.57987661939,0.000235732876742594,0.755192648675733,-1.37231838267394
-3698.11931515121,4377.96260027067,2854.20827811688,0.00196403165454778,0.74965510389139,-1.37086422636178
-3698.11649778681,4378.7094886078,2852.83815813179,0.00366427418416668,0.744123296927144,-1.3693660341602
-3698.11199753617,4379.45085101031,2851.46956162767,0.0053281364298498,0.738603319708897,-1.36781448138043
-3698.10585140864,4380.18669695037,2850.10254495057,0.00695502590988864,0.733089711510205,-1.36620413157262
-3698.09809468339,4380.91703224042,2848.73716446084,0.00855041141513528,0.727581603896443,-1.36454361069311
-3698.08875765083,4381.64186178361,2847.3734687469,0.0101130583141151,0.722079255752953,-1.36283100143193
-3698.07787729876,4382.36119089566,2846.01151752038,0.0116360225069653,0.716582041456777,-1.36105392528895
-3698.06549458444,4383.07502770903,2844.65137501217,0.0131167753078852,0.711094500031283,-1.35921171197597
-3698.05165344453,4383.78338122127,2843.29310985657,0.0145522354484676,0.70561588133493,-1.35729848343527
-3698.03640018051,4384.48626132043,2841.9367940182,0.0159402615977094,0.70014741205721,-1.35531156165941
-3698.01978346061,4385.18367793905,2840.58250347774,0.0172785114345215,0.694688977875179,-1.35324684613668
-3698.0018541718,4385.87564115041,2839.23031789789,0.0185647787094638,0.6892406312972,-1.35110060497798
-3697.9826653894,4386.56216102665,2837.88032068602,0.0197968057774065,0.683802065965118,-1.34886873100207
-3697.96227232398,4387.24324760958,2836.5325989231,0.0209726385164571,0.678373712161533,-1.34654823127927
-3697.94073230972,4387.91891076146,2835.18724346406,0.0220901006384126,0.67295512696945,-1.34413503130246
-3697.91810474895,4388.58916012712,2833.84434887075,0.0231471417409151,0.667546036980914,-1.3416254102441
-3697.8944510718,4389.25400503153,2832.50401342284,0.0241417592459111,0.662146074436402,-1.33901565492265
-3697.86983468405,4389.91345438264,2831.1663391074,0.0250720052230923,0.656754769751106,-1.33630206547803
-3697.84432091006,4390.56751656452,2829.83143160244,0.0259359774496843,0.651371499314299,-1.33348089805931
-3697.81797692531,4391.21619932463,2828.499400253,0.026731892658168,0.645995651321114,-1.33054862369191
-3697.79087168262,4391.85950965111,2827.17035803993,0.0274579993754279,0.640626361522387,-1.32750156636796
-3697.76307582785,4392.49745364309,2825.84442154006,0.0281126497893614,0.635262671881509,-1.32433615376825
-3697.73466160741,4393.13003637074,2824.52171087688,0.0286942944465141,0.629903480608539,-1.32104886794999
-3697.70570276387,4393.7572617276,2823.20234966101,0.0292014927319894,0.624547533110652,-1.31763625597769
-3697.6762744225,4394.37913227275,2821.88646491955,0.029632923842322,0.619193412847208,-1.31409494131251
-3697.64645296548,4394.99564906433,2820.57418701368,0.0299873983573167,0.613839532092615,-1.31042163614347
-3697.616315894,4395.60681148436,2819.26564954361,0.0302638699713132,0.60848412288369,-1.30661315412742
-3697.58594168049,4396.21261705304,2817.96098924057,0.0304614474162665,0.603125228142838,-1.30266642358699
-3697.55540960639,4396.81306123608,2816.66034584528,0.0305794068770694,0.59776069290801,-1.29857850162526
-3697.52479958888,4397.40813724215,2815.36386197182,0.0306172045740742,0.592388155928845,-1.29434658880813
-3697.49419199432,4397.99783581272,2814.07168295672,0.0305744893728594,0.587005041741184,-1.2899680442636
-3697.46366743978,4398.58214500375,2812.78395669274,0.0304511153218834,0.581608553325717,-1.28544040111291
-3697.43330658089,4399.16104996129,2811.50083344699,0.0302471539967606,0.576195665472046,-1.28076138212249
-3697.40318988907,4399.73453268959,2810.22246566353,0.0299629065138616,0.570763118975889,-1.27592891544488
-3697.37339741535,4400.3025718152,2808.94900775002,0.0295989150646709,0.565307415799225,-1.27094115029777
-3697.34400854442,4400.86514234555,2807.68061584894,0.0291559738117374,0.559824815322509,-1.26579647241339
-3697.3151017373,4401.42221542506,2806.41744759346,0.0286351389800527,0.554311331814493,-1.26049351907451
-3697.28675426388,4401.97375808978,2805.15966184857,0.0280377379717501,0.548762733238801,-1.25503119353888
-3697.25904192882,4402.51973302002,2803.90741843817,0.0273653773287385,0.543174541506768,-1.24940867864126
-3697.23203878779,4403.06009829585,2802.66087785904,0.0266199493684372,0.537542034273143,-1.24362544935163
-3697.20581685967,4403.59480715367,2801.42020098283,0.0258036373195662,0.531860248354916,-1.23768128406011
-3697.18044583296,4404.12380774826,2800.18554874754,0.0249189187922058,0.526123984833718,-1.23157627435433
-3697.15599277103,4404.64704291965,2798.95708184002,0.0239685674254055,0.520327815879148,-1.22531083305344
-3697.13252181518,4405.16444996879,2797.73496037137,0.0229556525700308,0.514466093304062,-1.21888570026561
-3697.11009389071,4405.67596044143,2796.51934354742,0.0218835368812628,0.50853295883382,-1.21230194724256
-3697.08876641439,4406.18149992474,2795.31038933646,0.0207558717080084,0.502522356042986,-1.20556097780248
-3697.06859301035,4406.68098785454,2794.10825413696,0.0195765899722872,0.496428043939324,-1.19866452678323
-3697.04962323159,4407.17433733905,2792.91309244828,0.0183498970831728,0.490243611867698,-1.19161465619718
-3697.03190229369,4407.66145499639,2791.72505654613,0.0170802597327478,0.483962495707342,-1.18441374880871
-3697.0154708193,4408.14224081025,2790.54429616634,0.0157723919701497,0.477577995355796,-1.17706449809673
-3697.00036459897,4408.61658800276,2789.37095820033,0.0144312516156735,0.471083288728883,-1.16956991312944
-3696.98661320289,4409.08438226688,2788.20518493891,0.013065990874794,0.46446901323999,-1.1619381365324
-3696.97423544684,4409.54549840547,2787.0471090191,0.0116871128019564,0.457723893349766,-1.15417807966524
-3696.96324015929,4409.99980059719,2785.89685452852,0.0103032641721769,0.450838869131546,-1.14629725032465
-3696.95362873819,4410.44714514319,2784.75453918227,0.00892127546730369,0.443806624426154,-1.13830144346679
-3696.94539617572,4410.88738139343,2783.62027533564,0.00754732136486742,0.436620382935487,-1.13019576074024
-3696.93853145422,4411.32035203651,2782.49417043519,0.00618731833412537,0.429273545987894,-1.1219850000597
-3696.93301771004,4411.74589321018,2781.37632721287,0.00484706641351547,0.421759600477013,-1.11367382430042
-3696.92883231959,4412.16383457505,2780.26684378143,0.00353228849197625,0.414072103772414,-1.10526681640448
-3696.9259469746,4412.57399938463,2779.16581370805,0.00224862946969433,0.406204687170985,-1.09676848073455
-3696.92432776566,4412.97620456317,2778.07332610201,0.00100164027199069,0.398151061372438,-1.08818322014993
-3696.9239352868,4413.37026078675,2776.9894657319,-0.000203243380717207,0.389905019814763,-1.07951530240684
-3696.92472476222,4413.75597256646,2775.91431317941,-0.00136072351921566,0.381460439054616,-1.07076882194727
-3696.92664619458,4414.13313833115,2774.84794503253,-0.00246566220663292,0.372811276161333,-1.06194765975477
-3696.92964453665,4414.50155050504,2773.79043411942,-0.00351310289612414,0.363951563225863,-1.05305544248262
-3696.9336598824,4414.86099557984,2772.74184978334,-0.0044982915618945,0.354875400364115,-1.04409550076971
-3696.93862771464,4415.21125422386,2771.70225822097,-0.00541680104398406,0.345577084464603,-1.03507076032987
-3696.94447925138,4415.5521014876,2770.67172291522,-0.00626448591169959,0.336051022851532,-1.02598374980841
-3696.95114164338,4415.88330679294,2769.650304984,-0.00703735449022077,0.326291531776848,-1.01683665750996
-3696.95853815631,4416.20463384821,2768.63806356673,-0.00773164322162286,0.316292867144923,-1.00763122904695
-3696.96658842125,4416.51584059234,2767.63505629849,-0.00834385301239671,0.306049239743154,-0.998368717513934
-3696.9752087102,4416.81667915411,2766.64133982073,-0.00887077117338265,0.295554814533743,-0.989049845473391
-3696.98431223167,4417.10689579936,2765.65697033108,-0.0093094867159781,0.284803695611703,-0.979674766764106
-3696.99380943916,4417.38623085963,2764.68200417287,-0.00965740467084467,0.273789902729369,-0.970243023188284
-3697.00360835368,4417.6544186354,2763.71649846893,-0.00991225902918553,0.2625073459705,-0.960753502048987
-3697.01361489387,4417.91118728308,2762.76051177889,-0.0100720925126954,0.250949861825887,-0.951204499693445
-3697.02372330399,4418.15623326972,2761.81410822108,-0.0101266946168151,0.239072733714071,-0.941577637696294
-3697.03392377176,4418.38936828018,2760.87742285193,-0.0103646069132243,0.227293225873429,-0.931715929242472
-3697.04456615377,4418.61094358152,2759.95077097636,-0.0110536150033906,0.21599734603815,-0.921472592897704
-3697.05618146445,4418.82152424406,2759.0346049409,-0.0123104112733291,0.205303838472042,-0.910744286169867
-3697.06933810514,4419.02171521713,2758.12940859361,-0.0141386081558182,0.195222877576365,-0.899533228805203
-3697.08461205317,4419.21213934948,2757.23566409757,-0.0165470947559815,0.185775042688457,-0.887841029778737
-3697.102587468,4419.39343969969,2756.35385109218,-0.0195430034786672,0.176979608873762,-0.875671257106724
-3697.12385429524,4419.56627721543,2755.48444446214,-0.0231306303023232,0.168852840070033,-0.863029903977737
-3697.14900513922,4419.73132722513,2754.62791181741,-0.0273108700497018,0.161407010473404,-0.849925562263353
-3697.17863160452,4419.88927498236,2753.78471083264,-0.0320807091228618,0.154649477260637,-0.83636953868131
-3697.21332014916,4420.04081030044,2752.95528648666,-0.0374327572056745,0.148581798538851,-0.822375940205354
-3697.25364749355,4420.18662134439,2752.1400682295,-0.0433548346866142,0.143198938402105,-0.807961733895258
-3697.30017565445,4420.32738768806,2751.33946710215,-0.0498296370463565,0.138488605243713,-0.793146782145363
-3697.35344668832,4420.46377279535,2750.55387283226,-0.0568344965899244,0.134430770033529,-0.77795385632196
-3697.41397725265,4420.59641612484,2749.78365092529,-0.064341259061907,0.130997406264295,-0.762408632618028
-3697.4822530821,4420.72592506141,2749.02913975623,-0.0723153742120669,0.128151159081768,-0.746540165211227
-3697.55867959323,4420.85280610931,2748.29062180006,-0.0805434576845404,0.125614679321821,-0.730489039392439
-3697.64331195411,4420.97712127127,2747.5681403379,-0.0886827704515758,0.122977425404279,-0.714508864283204
-3697.73600192838,4421.09871905629,2746.86156400184,-0.0966304113583568,0.120158761206864,-0.69870997465217
-3697.83651794808,4421.21739011621,2746.17066596508,-0.104321400606678,0.117118261442188,-0.6831706102366
-3697.94458389602,4421.33290569182,2745.49515911452,-0.111723199431639,0.113847648898113,-0.667939521531968
-3698.05990011681,4421.44503640778,2744.83471677892,-0.118817927199152,0.110350500627937,-0.653049988597421
-3698.18215351103,4421.55355944169,2744.18898418146,-0.125595215159222,0.106635136602454,-0.638526294317064
-3698.31102317181,4421.65826161404,2743.55758556499,-0.132049235387147,0.102712077105619,-0.624386748952563
-3698.44618410821,4421.75894096068,2742.94012927654,-0.138177373154427,0.0985930401462149,-0.61064514941788
-3698.58731005759,4421.85540764467,2742.33621182444,-0.143979543252372,0.0942904572279901,-0.597311556698613
-3698.73407577542,4421.94748450371,2741.74542134142,-0.149457760822342,0.0898171712755309,-0.584392785414196
-3698.88615896466,4422.03500733928,2741.1673406343,-0.1546158175897,0.085186209517067,-0.571892773691428
-3699.04324190876,4422.11782500424,2740.60154989602,-0.159459007911729,0.0804105982467355,-0.559812901604562
-3699.20501284935,4422.19579932014,2740.0476291143,-0.163993884883737,0.0755032092208157,-0.548152283669884
-3699.37116713092,4422.26880485647,2739.50516019743,-0.168228039829467,0.0704766337647893,-0.536908043647628
-3699.54140813641,4422.33672859596,2738.97372883284,-0.172169902305549,0.0653430818933111,-0.526075574395776
-3699.71544803265,4422.39946951139,2738.45292609391,-0.17582856095743,0.0601143044954645,-0.515648780655019
-3699.89300834731,4422.45693807473,2737.94234981295,-0.179213604436577,0.0548015359671613,-0.50562030402164
-3700.07382039593,4422.50905571864,2737.44160573814,-0.182334981337228,0.0494154546714667,-0.495981729790574
-3700.25762557804,4422.55575426656,2736.95030849298,-0.185202878190764,0.0439661587534734,-0.486723775330923
-3700.44417556087,4422.59697534451,2736.46808235643,-0.187827614352053,0.0384631549331668,-0.477836460079591
-3700.6332323641,4422.63266978904,2735.99456188223,-0.19021955246377,0.0329153580553133,-0.469309257614917
-3700.82456836478,4422.66279705722,2735.52939237481,-0.19238902310695,0.0273310993754857,-0.461131230564474
-3701.01796623109,4422.68732465075,2735.07223023853,-0.194346262210259,0.0217181418209405,-0.45329114936933
-3701.21321880136,4422.70622755664,2734.62274321588,-0.196101359843727,0.0160837006225237,-0.445777595962116
-3701.41012891545,4422.71948771192,2734.18061052912,-0.197664219074833,0.0104344679196043,-0.438579053491441
-3701.60850921119,4422.72709349332,2733.74552293878,-0.199044523616301,0.00477664021028326,-0.431683983354504
-3701.80818189081,4422.72903923676,2733.31718273099,-0.200251713101875,-0.000884052329038055,-0.425080890738454
-3702.00897846757,4422.72532478554,2732.89530364467,-0.201294964924301,-0.00654231546479357,-0.418758379837264
-3702.21073949628,4422.71595506996,2732.4796107482,-0.202183181669435,-0.0121932601280543,-0.412705199860821
-3702.4133142933,4422.7009397181,2732.06984027433,-0.202924983279581,-0.017832371766703,-0.406910282888471
-3702.61656065262,4422.68029269543,2731.66573942102,-0.203528703174767,-0.0234554802456532,-0.401362774546054
-3702.82034455758,4422.65403197605,2731.2670661248,-0.204002387651022,-0.0290587306171464,-0.396052058407922
-3703.02453989492,4422.62217924134,2730.87358881258,-0.204353797958608,-0.034638555003457,-0.390967774946634
-3703.22902817136,4422.58475960666,2730.48508613702,-0.204590414540009,-0.0401916457675921,-0.386099835775308
-3703.43369823591,4422.54180137374,2730.1013466997,-0.204719442977175,-0.0457149300932489,-0.381438433852569
-3703.63844600786,4422.49333580862,2729.72216876594,-0.204747821259986,-0.0512055460511141,-0.376974050248847
-3703.8431742139,4422.43939694151,2729.34735997438,-0.204682228043544,-0.0566608201936932,-0.372697458006093
-3704.04779213245,4422.38002138965,2728.97673704395,-0.204529091611114,-0.0620782466931244,-0.36859972356123
-3704.25221534874,4422.31524819892,2728.61012548049,-0.204294599302626,-0.0674554680156547,-0.364672206146996
-3704.45636551783,4422.24511870536,2728.24735928488,-0.203984707206449,-0.0727902571104176,-0.360906555532218
-3704.66017013915,4422.16967641234,2727.88828066417,-0.203605149944788,-0.0780805010790776,-0.357294708416851
-3704.86356233911,4422.08896688469,2727.53273974676,-0.203161450411517,-0.0833241862847934,-0.353828883755154
-3705.06648066458,4422.00303765615,2727.18059430288,-0.202658929345562,-0.0885193848542297,-0.350501577242717
-3705.26886888568,4421.91193814959,2726.83170947079,-0.202102714643979,-0.0936642425234098,-0.347305555169586
-3705.47067580692,4421.81571960953,2726.48595748945,-0.20149775033687,-0.0987569677771538,-0.344233847811954
-3705.67185508803,4421.71443504407,2726.14321743798,-0.200848805161557,-0.103795822232154,-0.341279742508566
-3705.87236507268,4421.60813917628,2725.8033749821,-0.200160480686623,-0.108779112214671,-0.338436776544767
-3706.07216862552,4421.49688840295,2725.46632212781,-0.199437218947611,-0.113705181485608,-0.335698729946733
-3706.27123297564,4421.38074076102,2725.13195698224,-0.198683309565749,-0.118572405067571,-0.333059618270542
-3706.46952956829,4421.25975589834,2724.80018352175,-0.197902896329204,-0.123379184130798,-0.330513685455101
-3706.66703392139,4421.13399505035,2724.47091136701,-0.197099983223535,-0.128123941896583,-0.328055396794411
-3706.86372548929,4421.00352101912,2724.14405556518,-0.196278439903909,-0.132805120518942,-0.32567943207281
-3707.05958753033,4420.86839815621,2723.81953637875,-0.195442006607109,-0.137421178906445,-0.323380678896725
-3707.25460697994,4420.72869234637,2723.49727908098,-0.194594298505844,-0.141970591447503,-0.321154226247701
-3707.4487743279,4420.58447099224,2723.17721375766,-0.193738809512006,-0.146451847602864,-0.318995358274037
-3707.64208349803,4420.43580299967,2722.85927511499,-0.192878915539264,-0.150863452329226,-0.316899548332091
-3707.83453173251,4420.28275876114,2722.54340229323,-0.192017877238504,-0.155203927297579,-0.314862453282983
-3708.02611947694,4420.12541013877,2722.22953868599,-0.191158842222907,-0.159471812868795,-0.31287990804609
-3708.21685026908,4419.96383044376,2721.91763176475,-0.190304846802022,-0.163665670787728,-0.310947920407131
-3708.40673062742,4419.79809441406,2721.60763290858,-0.189458817247073,-0.167784087554905,-0.309062666075769
-3708.59576994607,4419.62827818433,2721.2994972467,-0.188623653977811,-0.171825744933765,-0.307220288106372
-3708.78398037002,4419.45445926692,2720.99318346381,-0.1878018878705,-0.175789147489877,-0.305417703000973
-3708.97137671021,4419.27671649781,2720.68865369578,-0.186996212389068,-0.179673060722721,-0.30365133931599
-3709.15797631859,4419.09513000778,2720.38587334121,-0.186209130910833,-0.183476224210337,-0.30191797069241
-3709.34379899453,4418.90978116406,2720.08481095045,-0.185443155767638,-0.187197510394196,-0.300214248040095
-3709.52886682377,4418.72075255238,2719.78543796254,-0.184700225517777,-0.190835526084585,-0.298538015308618
-3709.71320417019,4418.52812784707,2719.48772879905,-0.183982816605677,-0.194389391641408,-0.296885783876306
-3709.89684088222,4418.33199790689,2719.1916614018,-0.183301437162328,-0.197840512895267,-0.295254690905653
-3710.07981508474,4418.13246923992,2718.89721514983,-0.18265317858753,-0.201199512908869,-0.293641132727223
-3710.26215278662,4417.92961401054,2718.60437650648,-0.18203052162005,-0.204488403526872,-0.292040152114028
-3710.44388250744,4417.72350951977,2718.3131320467,-0.181438211830351,-0.207695876882658,-0.290452818822676
-3710.62503604649,4417.51424020562,2718.02346814585,-0.180878764787259,-0.210817100534742,-0.288878771880815
-3710.80564719232,4417.30189368848,2717.73537197744,-0.180353890798658,-0.213849827320393,-0.287316933132798
-3710.98575124668,4417.08655915185,2717.44883201021,-0.179864987965873,-0.216792901911713,-0.285765873324584
-3711.16538482058,4416.86832662358,2717.1638382428,-0.179413301166787,-0.219645683479582,-0.284224007597309
-3711.34458571275,4416.64728660619,2716.88038229528,-0.178999965045274,-0.222407820915056,-0.282689703829833
-3711.52339280555,4416.42352984387,2716.59845742265,-0.178626043079068,-0.225079177131213,-0.281161277126146
-3711.70184595831,4416.19714714225,2716.31805847895,-0.17829244964218,-0.227659768759777,-0.27963717144073
-3711.87998613742,4415.96822912203,2716.03918233905,-0.178000544358661,-0.230149983054518,-0.278114769905661
-3712.05785564754,4415.73686589131,2715.76182856162,-0.177751159048952,-0.232550290261214,-0.276592286934869
-3712.23549714487,4415.50314715553,2715.48599761664,-0.177544613788197,-0.234861146905234,-0.275068819883581
-3712.41295359268,4415.2671620947,2715.21169091175,-0.177381108200248,-0.237083133958918,-0.273543569858507
-3712.59026795226,4415.02899926664,2714.93891034259,-0.177260289005598,-0.239216853870826,-0.272016662779876
-3712.7674880187,4414.78875540231,2714.66765942666,-0.17719531570408,-0.241241722994858,-0.270482316525258
-3712.94466885016,4414.54653627737,2714.39794674527,-0.177175397203161,-0.243179320623268,-0.26894148043405
-3713.12184815643,4414.30241580825,2714.12977706536,-0.177197613822177,-0.245034803386928,-0.267394964469386
-3713.29907565915,4414.05648910762,2713.86315848902,-0.177265636743387,-0.246803162232685,-0.265840563631961
-3713.47638961069,4413.80882983025,2713.59809691184,-0.177375533998882,-0.248491037027748,-0.264279612982623
-3713.65383625995,4413.55952553195,2713.33460062484,-0.177526013981934,-0.250102223417442,-0.262711248558266
-3713.83145517255,4413.30865187994,2713.07267613449,-0.177721321321365,-0.251627580403344,-0.261135617279922
-3714.00928191206,4413.0562789183,2712.81232772295,-0.177932035168529,-0.253111985232545,-0.259566403259054
-3714.18731239952,4412.80242703889,2712.55353257318,-0.178117612008805,-0.254593600309398,-0.258041459096797
-3714.32664911142,4412.60287985572,2712.35219856062,-0.1782332399616,-0.25575951432256,-0.256892659962821
